Selected,Country,Country_name,low_females,med_females,high_females,low_males,med_males,high_males,p10_both,p20_both,p30_both,p40_both,p50_both,p60_both,p70_both,p80_both,p90_both,p100_both,Cluster,Silhouette (Cluster),subregion,region_un,fips10,economy,iso_a3,name,continent,iso_a2,sovereignt,region_wb,type,latitude,longitude,2000_females,2001_females,2002_females,2003_females,2004_females,2005_females,2006_females,2007_females,2008_females,2009_females,2010_females,2011_females,2012_females,2013_females,2014_females,2015_females,2016_females,2017_females,2018_females,2019_females,2000_males,2001_males,2002_males,2003_males,2004_males,2005_males,2006_males,2007_males,2008_males,2009_males,2010_males,2011_males,2012_males,2013_males,2014_males,2015_males,2016_males,2017_males,2018_males,2019_males,2000_both,2001_both,2002_both,2003_both,2004_both,2005_both,2006_both,2007_both,2008_both,2009_both,2010_both,2011_both,2012_both,2013_both,2014_both,2015_both,2016_both,2017_both,2018_both,2019_both
No,Afghanistan,Afghanistan,0,45,55,100,0,0,0,0,9,11,0,0,0,0,0,0,C1,0.0244927,Southern Asia,Asia,AF,7. Least developed region,AFG,Afghanistan,Asia,AF,Afghanistan,South Asia,Sovereign country,33.9328,65.181,7.8,7.9,7.7,7.6,7.6,7.4,7.3,7.1,6.9,6.6,6.4,6.2,6.1,6,5.9,5.8,5.8,5.5,5.6,5.7,7.6,7.9,8,7.8,7.9,7.8,7.8,7.7,7.4,7,6.9,6.6,6.4,6.3,6.1,6.1,6.2,6.3,6.2,6.2,7.7,7.9,7.9,7.7,7.8,7.6,7.6,7.4,7.2,6.8,6.7,6.4,6.2,6.2,6,6,6,6,5.9,6
No,Albania,Albania,50,45,5,90,10,0,0,12,1,7,0,0,0,0,0,0,C1,0.261114,Southern Europe,Europe,AL,6. Developing region,ALB,Albania,Europe,AL,Albania,Europe & Central Asia,Sovereign country,41.1253,20.0097,2.9,3,3,3.2,3.1,5.2,5.7,5.7,5.8,5.8,5.9,8.2,3.2,3.2,2.9,2.8,2.7,2.5,2.4,2.2,7.6,6.5,6.6,6.6,6.7,10.2,10.1,10.5,10.5,10.2,9.5,7.3,6.6,6.5,6.2,5.7,5.7,5.7,5.6,5.3,5.2,4.7,4.8,4.9,4.9,7.7,7.8,8.1,8.1,8,7.6,7.6,4.8,4.8,4.5,4.2,4.2,4.1,3.9,3.7
No,Algeria,Algeria,85,15,0,100,0,0,12,8,0,0,0,0,0,0,0,0,C1,0.622559,Northern Africa,Africa,AG,6. Developing region,DZA,Algeria,Africa,DZ,Algeria,Middle East & North Africa,Sovereign country,28.0672,0.587023,3.5,3.4,3.3,3.1,2.9,2.8,2.7,2.5,2.4,2.3,2.2,2.1,2.1,2.1,2,2,1.9,1.9,1.9,1.9,5.9,5.7,5.6,5.2,5,4.8,4.6,4.4,4.2,4,3.8,3.7,3.7,3.6,3.5,3.4,3.3,3.2,3.2,3.3,4.7,4.6,4.4,4.1,4,3.8,3.7,3.5,3.3,3.2,3,2.9,2.9,2.9,2.8,2.7,2.6,2.5,2.6,2.6
No,Angola,Angola,0,75,25,0,0,100,0,0,0,0,0,0,8,6,6,0,C2,0.498932,Middle Africa,Africa,AO,7. Least developed region,AGO,Angola,Africa,AO,Angola,Sub-Saharan Africa,Sovereign country,-11.9645,18.852,6.2,6.1,6.5,6.9,6.8,6.5,6.8,5.9,6.1,5.4,5.6,5.2,5.4,5.2,4.8,5.1,5.1,4.9,4.6,4.7,30,29.8,29,29.1,28.6,27.1,28.4,25.2,25.5,23,23.9,22.8,24.1,24.3,22.6,22.7,21.8,21,21.3,21.7,17.6,17.5,17.2,17.5,17.2,16.3,17.1,15,15.3,13.6,14.2,13.5,14.2,14.2,13.1,13.3,12.9,12.4,12.4,12.6
No,Antigua_and_Barbuda,Antigua_and_Barbuda,100,0,0,100,0,0,20,0,0,0,0,0,0,0,0,0,C1,0.506325,nan,nan,nan,nan,nan,nan,nan,nan,nan,nan,nan,,,0,0,0,0,0,0,0,0,0,0,0,0.2,0,0,0.8,0.8,0.9,0,0.6,0.6,4.5,4.2,2.8,3.2,4.3,2.9,0.9,0.7,0.5,0,0.3,0.2,0,0,0,0,0,0,0,0,2,1.9,1.3,1.4,2,1.3,0.4,0.3,0.2,0,0.1,0.2,0,0,0.4,0.4,0.5,0,0.3,0.3
No,Argentina,Argentina,15,85,0,0,100,0,0,0,0,3,15,2,0,0,0,0,C3,0.115281,South America,Americas,AR,5. Emerging region: G20,ARG,Argentina,South America,AR,Argentina,Latin America & Caribbean,Sovereign country,-37.0825,-63.9689,3.4,4,4.2,3.8,3.5,3.5,3.3,3.2,3.3,3.2,3.1,3.3,3.4,3.1,3.7,3.2,3.1,3.6,3.6,3.3,16,17.6,17.2,16.4,14.5,14.2,14.5,13.7,14.5,14,14.3,14,15,14.2,15.1,13.5,13.6,14.3,14.9,13.5,9.2,10.3,10.3,9.7,8.7,8.5,8.5,8.2,8.6,8.4,8.4,8.4,9,8.5,9.2,8.1,8.1,8.7,9,8.1
No,Armenia,Armenia,90,10,0,95,5,0,7,8,5,0,0,0,0,0,0,0,C1,0.507811,Western Asia,Asia,AM,6. Developing region,ARM,Armenia,Asia,AM,Armenia,Europe & Central Asia,Sovereign country,40.0768,44.8402,1.7,1.3,1.1,1,1.8,1.8,2.9,2.4,2.3,1.4,2.9,3,3.2,3.7,2.9,2.6,1.7,0.9,0.7,1,5.5,5.3,5.7,4.3,6.1,6.4,8.7,8.3,6.8,7.8,9.9,9,10.3,7.2,6.8,7.6,8.1,4.7,2.9,4.9,3.3,3.1,3.1,2.5,3.6,3.8,5.4,5,4.2,4.1,5.9,5.7,6.4,5.3,4.6,4.7,4.4,2.4,1.7,2.7
No,Australia,Australia,0,100,0,0,100,0,0,0,0,0,4,13,3,0,0,0,C4,0.301437,Australia and New Zealand,Oceania,AS,2. Developed region: nonG7,AUS,Australia,Oceania,AU,Australia,East Asia & Pacific,Country,-24.915,133.076,5,4.9,4.6,4.3,3.9,4.4,4.5,4.8,4.6,4.8,4.9,5,5.7,5.3,5.8,6,5.6,5.9,5.4,5.6,18.8,17.6,16.2,15.1,14.6,15.9,14.6,14.9,16.3,15.2,15.9,15.2,15.4,15.3,17,17.7,16.3,17.7,17.1,17,11.8,11.2,10.4,9.6,9.2,10.1,9.5,9.8,10.4,10,10.4,10.1,10.5,10.2,11.3,11.8,10.9,11.8,11.3,11.3
No,Austria,Austria,0,80,20,0,65,35,0,0,0,0,0,5,11,4,0,0,C2,-0.0766299,Western Europe,Europe,AU,2. Developed region: nonG7,AUT,Austria,Europe,AT,Austria,Europe & Central Asia,Sovereign country,47.694,14.7471,7.9,7.2,6.5,7,6.1,6.3,5.3,5.5,5.4,5.2,5.5,5.8,4.8,5.5,5.6,5.4,5.7,4.6,4.8,4.6,24.9,23,24.9,22.5,22.3,21.2,20.5,19.5,18.8,19.2,19.6,19.4,19.3,18,19,17.9,17.1,17.5,18,16.6,15.8,14.7,15.1,14.2,13.6,13.3,12.5,12.2,11.7,11.9,12.2,12.3,11.8,11.5,12,11.4,11.1,10.8,11.2,10.4
No,Azerbaijan,Azerbaijan,100,0,0,100,0,0,0,20,0,0,0,0,0,0,0,0,C1,0.572805,Western Asia,Asia,AJ,6. Developing region,AZE,Azerbaijan,Asia,AZ,Azerbaijan,Europe & Central Asia,Sovereign country,40.1478,47.7286,1.3,1.5,1.6,1.7,1.9,2,2,2.1,2,1.9,1.9,1.8,1.8,1.6,1.6,1.6,1.5,1.5,1.5,1.5,5.8,6.2,6.5,6.7,7.4,7.7,8,8.2,7.9,7.6,7.4,7.3,7.1,7,6.8,6.6,6.5,6.5,6.5,6.6,3.4,3.7,3.9,4,4.5,4.7,4.9,5,4.8,4.6,4.5,4.4,4.3,4.2,4.1,4,3.9,3.9,3.9,4
No,Bahamas,Bahamas,100,0,0,100,0,0,10,10,0,0,0,0,0,0,0,0,C1,0.627875,Caribbean,Americas,BF,6. Developing region,BHS,Bahamas,North America,BS,The Bahamas,Latin America & Caribbean,Sovereign country,26.6505,-78.3334,1.1,1.1,0.9,0.9,1.3,1.3,1.4,1.3,1.2,1.2,1.3,1.3,1.2,1.1,1,1.1,1.1,1,1.2,1.2,4.2,4.7,4.3,4.3,5.6,5.3,6,5.6,5.8,5.8,6.4,6.6,6.3,5.5,5.8,6,6.2,5.8,5.8,5.8,2.5,2.7,2.4,2.5,3.3,3.2,3.6,3.3,3.4,3.4,3.7,3.8,3.6,3.2,3.3,3.4,3.5,3.3,3.4,3.4
No,Bahrain,Bahrain,60,40,0,55,45,0,0,0,5,8,6,1,0,0,0,0,C3,0.375036,Western Asia,Asia,BA,6. Developing region,BHR,Bahrain,Asia,BH,Bahrain,Middle East & North Africa,Sovereign country,26.0167,50.5431,2.5,3.1,3.4,3.8,3.8,3.8,3.4,3.5,3.4,3.2,3,2.9,2.6,2.5,2.5,2.4,2.3,2.3,2.3,2.3,10.2,12.8,13.1,13.9,13.6,13.2,10.5,11.8,11.2,10.3,9.6,9.2,8.7,8.3,8.7,8.7,8.9,9.3,9.7,9.9,7,8.9,9.2,9.9,9.8,9.6,7.8,8.7,8.3,7.7,7.2,6.9,6.4,6.2,6.4,6.3,6.5,6.7,7,7.2
No,Bangladesh,Bangladesh,85,15,0,100,0,0,0,10,9,1,0,0,0,0,0,0,C1,0.500068,Southern Asia,Asia,BG,7. Least developed region,BGD,Bangladesh,Asia,BD,Bangladesh,South Asia,Sovereign country,23.6884,89.8548,3.5,3.3,3.3,3.1,3,3,3,2.8,2.7,2.6,2.5,2.3,2.2,2,1.8,1.8,1.7,1.6,1.7,1.7,10,9.3,8.7,8.3,8,8,8.1,8,7.7,7.4,7.1,6.3,5.8,5.6,5.6,5.4,5.5,5.7,5.8,6,6.9,6.5,6.1,5.8,5.6,5.6,5.6,5.5,5.3,5.1,4.8,4.3,4,3.8,3.7,3.6,3.6,3.7,3.8,3.9
No,Barbados,Barbados,100,0,0,100,0,0,20,0,0,0,0,0,0,0,0,0,C1,0.520735,Caribbean,Americas,BB,6. Developing region,BRB,Barbados,North America,BB,Barbados,Latin America & Caribbean,Sovereign country,13.1959,-59.5638,0.5,0.3,0.2,0.9,1,0.8,0.2,0.2,0.2,0.2,0.3,0.2,0.3,0,0.2,0.2,0.2,0.2,0.2,0.2,4.9,2.8,0.4,0.6,0.7,3.6,2.7,2.5,1.3,2.2,2.2,1.1,0.2,0.3,0.5,0.5,0.5,0.5,0.5,0.5,2.6,1.5,0.3,0.8,1,2.2,1.3,1.3,0.7,1.1,1.2,0.6,0.2,0.1,0.3,0.3,0.3,0.3,0.3,0.3
No,Belarus,Belarus,0,30,70,0,0,100,0,0,0,0,0,0,0,1,5,14,C8,0.528291,Eastern Europe,Europe,BO,6. Developing region,BLR,Belarus,Europe,BY,Belarus,Europe & Central Asia,Sovereign country,53.692,28.0254,9.5,9.5,10,9.5,9.7,10,9.5,8.7,8.6,8.9,8.3,8.6,7.3,6.8,6.3,5.9,6,5.7,5.6,5.3,69.3,71.5,71.9,69.1,66.7,68.9,64.1,57,56.4,55.7,55.1,55.3,45.1,41.8,39.7,36,35.5,33.8,32.8,30.1,37.3,38.3,38.7,37.1,36.1,37.2,34.8,30.9,30.6,30.4,29.9,30.2,24.6,22.8,21.6,19.6,19.4,18.5,17.9,16.5
No,Belgium,Belgium,0,0,100,0,5,95,0,0,0,0,0,0,0,10,10,0,C2,0.504553,Western Europe,Europe,BE,2. Developed region: nonG7,BEL,Belgium,Europe,BE,Belgium,Europe & Central Asia,Sovereign country,50.5023,4.84062,10.1,9.4,9.3,9.2,8.8,8.8,9.2,8.2,8.8,9.3,9.2,9.8,8.7,8.8,8.8,8.3,8.5,8.6,8.5,8.4,27,27.9,25.3,27,24.9,25,24.2,22.1,24.6,24.4,24,23.9,24.5,22.1,21.7,20.7,21.7,20.8,20.3,19.6,18.3,18.4,17.1,17.9,16.7,16.7,16.6,15.1,16.6,16.7,16.5,16.7,16.4,15.4,15.1,14.4,15,14.6,14.3,13.9
No,Belize,Belize,100,0,0,5,95,0,0,0,1,14,4,1,0,0,0,0,C3,0.395935,Central America,Americas,BH,6. Developing region,BLZ,Belize,North America,BZ,Belize,Latin America & Caribbean,Sovereign country,17.2495,-88.7223,2.9,2.5,2.6,2.4,2.5,2.1,2.1,1.9,1.7,2,2.1,2.1,1.9,1.8,1.7,1.6,1.5,1.7,1.7,1.8,17.2,13.9,13.7,14,15.3,12.2,12.4,11.5,9.7,13,14.3,13.8,12.9,11.9,12.1,12.2,11.9,13.9,12.8,13.6,10,8.2,8.1,8.2,8.8,7.1,7.2,6.7,5.7,7.5,8.2,7.9,7.4,6.8,6.9,6.9,6.7,7.7,7.2,7.7
No,Benin,Benin,0,20,80,0,0,100,0,0,0,0,0,0,6,14,0,0,C2,0.395378,Western Africa,Africa,BN,7. Least developed region,BEN,Benin,Africa,BJ,Benin,Sub-Saharan Africa,Sovereign country,9.30495,2.28363,7.5,7.5,7.5,7.4,7.4,7.3,7.2,7,6.6,6.8,6.8,6.8,6.7,6.6,6.5,6.4,6.3,6.3,6.2,6.1,23.6,23.8,23.9,23.9,23.9,23.7,23.5,23.2,22.7,23.1,22.9,22.9,22.5,22.3,22,21.5,21.3,21,20.8,20.3,14.7,14.8,14.9,14.8,14.8,14.7,14.6,14.3,14,14.2,14.1,14.1,13.9,13.8,13.6,13.4,13.3,13.1,13,12.7
No,Bhutan,Bhutan,30,70,0,100,0,0,0,0,18,2,0,0,0,0,0,0,C1,0.387808,Southern Asia,Asia,BT,7. Least developed region,BTN,Bhutan,Asia,BT,Bhutan,South Asia,Sovereign country,27.5115,90.3029,5,5,4.6,4.4,4.2,4,3.9,3.7,3.5,3.3,3.2,3.1,3.1,3.2,3.2,3.1,3.1,3.2,3.1,3.1,8.6,8.5,8.2,8.1,7.8,7.7,7.5,7.4,7.3,7.2,7,7,7,7,7,6.9,6.7,6.8,6.8,6.8,6.9,6.8,6.5,6.4,6.1,6,5.9,5.7,5.5,5.4,5.2,5.2,5.2,5.2,5.2,5.2,5.1,5.1,5.1,5.1
No,Bolivia,Bolivia,0,100,0,70,30,0,0,0,0,19,1,0,0,0,0,0,C3,0.397467,South America,Americas,BL,5. Emerging region: G20,BOL,Bolivia,South America,BO,Bolivia,Latin America & Caribbean,Sovereign country,-16.2881,-64.2815,5.2,5,5,4.8,4.8,4.8,4.6,4.8,4.7,4.7,4.7,4.7,4.6,4.6,4.6,4.6,4.7,4.5,4.3,4.2,11.8,11.3,11.1,10.8,10.4,10.2,9.6,9.7,9.5,9.4,9.4,9.5,9.3,9.3,9.6,9.9,10.3,10,9.8,9.6,8.4,8.1,7.9,7.7,7.5,7.4,7,7.2,7,7,7,7.1,6.9,6.9,7,7.2,7.4,7.2,7,6.8
No,Bosnia_and_Herzegovina,Bosnia_and_Herzegovina,0,100,0,0,100,0,0,0,0,4,16,0,0,0,0,0,C3,0.327626,nan,nan,nan,nan,nan,nan,nan,nan,nan,nan,nan,,,3.5,3.6,3.6,3.6,3.7,3.6,3.7,3.9,3.5,3.5,3.5,3.4,3.4,3.4,3.5,3.6,3.5,3.5,3.4,3.4,13.3,13.7,14,13.9,13.7,14.9,14.5,15.5,14.5,14.1,13.7,13.8,13.3,13.5,13.4,13.6,13.2,13.1,13.4,13.5,8.1,8.4,8.5,8.5,8.4,9,8.8,9.4,8.7,8.5,8.3,8.4,8.1,8.2,8.2,8.3,8.1,8.1,8.2,8.3
No,Botsawana,Botsawana,0,0,100,0,0,100,0,0,0,0,0,0,0,0,3,17,C8,0.492943,nan,nan,nan,nan,nan,nan,nan,nan,nan,nan,nan,,,20.6,20.2,19.2,18.5,18.6,20.1,18.5,17.8,16.5,12.2,10.5,10.9,10.4,10,10.7,10.3,9.6,9.2,8.9,7.8,76.2,73.4,69.3,66.2,67.3,71,67.3,60.5,58.8,55.2,55.1,50.4,51,49.1,43.4,42.3,39.5,38.6,38.4,35.5,46.3,44.7,42.2,40.3,40.9,43.4,40.9,37.4,36.1,32.1,31.2,29.1,29,27.8,25.3,24.5,22.9,22.3,22.1,20.2
No,Brazil,Brazil,100,0,0,90,10,0,0,8,12,0,0,0,0,0,0,0,C1,0.333119,South America,Americas,BR,3. Emerging region: BRIC,BRA,Brazil,South America,BR,Brazil,Latin America & Caribbean,Sovereign country,-14.2453,-49.7257,1.8,2,2.2,2,2.1,2.2,2.2,2.3,2.4,2.3,2.4,2.4,2.5,2.5,2.4,2.6,2.5,2.8,2.9,2.8,7.4,8.1,7.6,7.6,7.6,8,7.8,8.1,8.4,8.4,7.9,8.2,8.3,8.6,8.7,8.9,9.1,9.9,10.4,10.3,4.5,4.9,4.8,4.7,4.7,5,4.9,5.1,5.2,5.2,5,5.2,5.3,5.4,5.4,5.6,5.7,6.2,6.5,6.4
No,Brunei_Darrusalam,Brunei_Darrusalam,100,0,0,100,0,0,20,0,0,0,0,0,0,0,0,0,C1,0.583048,nan,nan,nan,nan,nan,nan,nan,nan,nan,nan,nan,,,0.4,0.2,0.3,0.3,0.6,0.9,1.1,1.4,1.1,1.1,0.6,0,1.2,1.5,1.5,0.6,0.7,1,1,0.8,3,2.4,2.6,2.8,2.9,3,3.7,3,2.5,2,1.7,3.2,3,2.1,1.8,2.6,3.9,5.4,4.9,4.2,1.7,1.3,1.5,1.6,1.8,1.9,2.4,2.2,1.8,1.6,1.1,1.7,2.2,1.8,1.7,1.6,2.4,3.3,3,2.5
No,Bulgaria,Bulgaria,40,55,5,0,85,15,0,0,1,7,7,2,2,1,0,0,C4,-0.0179267,Eastern Europe,Europe,BU,2. Developed region: nonG7,BGR,Bulgaria,Europe,BG,Bulgaria,Europe & Central Asia,Sovereign country,42.7353,25.1868,7.1,6.3,5.8,5.2,4.9,4.6,3.8,4.2,4.1,3.5,3.6,2.9,3.6,2.9,2.9,2.8,2.9,2.8,3.1,2.9,21.8,20.8,21,17.9,16.8,15.1,15.8,13.6,14.8,14,13.8,13.3,14.4,12.3,11.7,11.1,10.7,11,10.5,10.6,14,13.2,13,11.2,10.5,9.6,9.5,8.6,9.2,8.5,8.5,7.9,8.8,7.4,7.1,6.8,6.6,6.7,6.6,6.5
No,Burkina_Faso,Burkina_Faso,0,0,100,0,0,100,0,0,0,0,0,0,0,19,1,0,C2,0.417274,nan,nan,nan,nan,nan,nan,nan,nan,nan,nan,nan,,,9.2,8.9,8.6,8.4,8.4,8.3,8.3,8.1,7.9,7.7,7.6,7.4,7.5,7.5,7.3,7.2,7,6.7,6.6,6.5,27.6,26.8,26,25.9,26,26.3,26.4,26.5,26.3,26.4,26.9,26.7,27.5,27.4,26.6,26.3,25.8,25.3,25,24.5,16.9,16.4,15.9,15.8,15.8,15.9,15.9,15.9,15.7,15.7,15.8,15.6,16.1,16.1,15.7,15.4,15.2,14.8,14.7,14.4
No,Burundi,Burundi,0,0,100,0,30,70,0,0,0,0,0,0,6,7,6,1,C2,0.445296,Eastern Africa,Africa,BY,7. Least developed region,BDI,Burundi,Africa,BI,Burundi,Sub-Saharan Africa,Sovereign country,-3.38269,29.916,13.6,13,12.6,12,11.5,11.2,10.8,10,9.3,9,8.7,8.4,7.9,7.7,7.4,7.1,6.9,6.6,6.4,6.4,35.5,32.2,30.3,28.5,27.2,26.3,25.8,24.5,23.4,22.8,22.4,21.9,21.5,21,20,19.5,19.5,19.4,19.2,18.9,23.4,21.6,20.5,19.4,18.5,17.9,17.5,16.5,15.7,15.2,14.9,14.5,14.1,13.8,13.1,12.8,12.6,12.5,12.3,12.1
No,Cabo_Verde,Cabo_Verde,0,85,15,0,0,100,0,0,0,0,0,0,0,4,16,0,C9,0.269029,nan,nan,nan,nan,nan,nan,nan,nan,nan,nan,nan,,,6.8,6.7,6.5,6.3,6.1,6.1,6.2,6.1,6.1,6.1,5.9,5.8,5.9,5.8,5.7,5.6,5.5,5.3,5.2,5.1,33.3,33.1,33.4,33.5,34,34.3,32.9,32.5,32.4,32.3,32,31.6,31,30,29,28.7,28.3,27.8,28.9,27.4,18.2,18,18.1,18.1,18.3,18.5,18.2,18.1,18.3,18.4,18.4,18.2,18,17.5,16.9,16.7,16.5,16.2,16,15.2
No,Cambodia,Cambodia,15,85,0,100,0,0,0,0,12,8,0,0,0,0,0,0,C1,-0.0862815,South-Eastern Asia,Asia,CB,7. Least developed region,KHM,Cambodia,Asia,KH,Cambodia,East Asia & Pacific,Sovereign country,12.5395,105.11,5,4.9,4.7,4.4,4.4,4.4,4.3,4.2,3.9,3.7,3.6,3.5,3.5,3.4,3.3,3.2,3.2,3.1,3.1,3.1,9.2,9.1,9,9,9.3,9.7,10,10.2,10,9.7,9.6,9.5,9.3,9.1,8.8,8.8,8.8,8.6,8.6,8.4,6.8,6.8,6.6,6.5,6.6,6.8,6.9,6.9,6.7,6.4,6.3,6.2,6.1,6,5.8,5.8,5.8,5.6,5.6,5.5
No,Cameroon,Cameroon,0,0,100,0,0,100,0,0,0,0,0,0,0,3,17,0,C9,0.145391,Middle Africa,Africa,CM,6. Developing region,CMR,Cameroon,Africa,CM,Cameroon,Sub-Saharan Africa,Sovereign country,7.34544,13.5804,9.7,9.8,9.7,9.7,9.5,10.2,10.3,9.8,9.7,9.6,9.4,9.2,8.7,9.1,8.8,8.3,7.9,7.6,7.5,7.6,29.8,30.3,30,30.6,30.5,32.3,32.9,32.4,31.9,31.6,30.9,30.9,30.8,29.5,28.2,27,26.4,25.7,25.3,25.2,19.1,19.4,19.2,19.5,19.4,20.6,20.9,20.4,20.1,20,19.5,19.4,19.2,18.7,17.9,17.1,16.6,16.1,15.9,15.9
No,Canada,Canada,0,100,0,0,100,0,0,0,0,0,2,17,1,0,0,0,C4,0.268502,Northern America,Americas,CA,1. Developed region: G7,CAN,Canada,North America,CA,Canada,North America,Sovereign country,56.8373,-110.436,5,5,4.9,5.2,5.2,5.3,4.7,5.1,5.1,5,5.5,5.2,5.3,5.5,5.9,6,5.5,5.8,5.5,5.4,16.6,16.8,16.3,16.7,15.4,15.9,14.5,14.7,14.7,15.5,15.1,14.1,14.9,15,15.9,16.4,15.3,17.6,15.6,15.3,10.7,10.9,10.5,10.9,10.3,10.6,9.6,9.9,9.9,10.2,10.3,9.6,10.1,10.2,10.9,11.2,10.4,11.7,10.5,10.3
No,Central_Africa,Central_Africa,0,0,100,0,0,100,0,0,0,0,0,0,0,0,0,20,C10,0.328819,nan,nan,nan,nan,nan,nan,nan,nan,nan,nan,nan,,,14.6,13.7,13.7,13,12.4,11.9,12.3,11.9,11.6,12.4,12.3,12,11.2,10.9,10.4,10.4,9.6,9.6,9.5,9.3,53.7,50.9,50.4,48.3,46.8,45.8,47.3,46.6,46.1,47.8,47.1,46.3,45.1,46.1,48,45.5,44,44.9,40.8,39.6,32.5,30.7,30.4,29.1,28,27.2,28.1,27.7,27.3,28.5,28.1,27.6,26.6,27,27.6,26.3,25.3,25.7,23.6,23
No,Chad,Chad,0,0,100,0,0,100,0,0,0,0,0,0,2,18,0,0,C2,0.491501,Middle Africa,Africa,CD,7. Least developed region,TCD,Chad,Africa,TD,Chad,Sub-Saharan Africa,Sovereign country,15.4431,18.5405,7.7,7.7,7.8,7.9,7.5,7.6,7.5,7.8,7.8,7.9,8,8.1,8,7.9,7.6,7.3,7.2,7.3,7.1,6.9,24.8,24.9,24.8,25,24.8,24.8,24.7,24.9,24.5,24.6,24.8,24.6,24,23.1,22.3,21.3,20.8,20.9,20.7,20.2,15.7,15.8,15.8,16,15.7,15.6,15.6,15.9,15.7,15.8,16,15.9,15.6,15.1,14.6,14,13.7,13.8,13.6,13.2
No,Chile,Chile,40,60,0,0,100,0,0,0,0,2,9,7,2,0,0,0,C4,0.262232,South America,Americas,CI,5. Emerging region: G20,CHL,Chile,South America,CL,Chile,Latin America & Caribbean,Sovereign country,-35.7308,-71.4921,2.9,2.9,2.9,2.9,3,3.2,3.2,4,4.6,4.8,4.2,4,3.6,3.4,3.3,3.9,3.3,3,3,3,19,18.5,17,17,17.6,16.3,16.8,17.7,19.4,20,18.3,18.5,16.6,15.3,15.3,14.8,15.5,14.1,13.2,13.4,10.5,10.4,9.7,9.7,10,9.5,9.7,10.6,11.8,12.1,11,11,9.9,9.2,9.1,9.2,9.2,8.4,8,8
No,China,China,0,35,65,40,60,0,0,0,0,8,2,3,6,1,0,0,C3,0.125519,Eastern Asia,Asia,CH,3. Emerging region: BRIC,CHN,China,Asia,CN,China,East Asia & Pacific,Country,36.9026,98.5938,14.5,12.6,11.2,11.5,11.9,11.4,10.5,9.6,9,8.4,7.8,7.1,6.4,5.9,5.6,5.3,5.1,5,4.9,4.8,15.5,14.3,14,14.6,15,14.5,13.4,12.7,12.4,11.9,11.5,10.7,10,9.5,9.3,9,9,8.9,8.8,8.6,14.9,13.3,12.5,13,13.4,12.8,11.9,11.1,10.6,10.1,9.6,8.8,8.1,7.7,7.4,7.1,7,6.9,6.8,6.7
No,Colombia,Colombia,100,0,0,100,0,0,0,18,2,0,0,0,0,0,0,0,C1,0.579352,South America,Americas,CO,6. Developing region,COL,Colombia,South America,CO,Colombia,Latin America & Caribbean,Sovereign country,4.1406,-72.5966,2.6,2.5,2.3,2.5,2.2,2,1.9,1.8,1.8,1.7,1.5,1.5,1.5,1.5,1.4,1.8,1.6,1.8,1.7,1.7,8.4,8.4,7.7,7.4,7.6,7,7,7,7.1,6.8,6.5,6.1,6.3,6,6.2,6.5,6.9,7.4,6.3,6,5.3,5.2,4.9,4.8,4.7,4.3,4.3,4.3,4.3,4.2,3.9,3.7,3.8,3.6,3.7,4,4.1,4.5,3.9,3.7
No,Comoros,Comoros,0,55,45,0,100,0,0,0,0,0,17,3,0,0,0,0,C3,0.360848,Eastern Africa,Africa,CN,7. Least developed region,COM,Comoros,Africa,KM,Comoros,Sub-Saharan Africa,Sovereign country,-12.2104,44.4132,7.6,7.6,7.3,7.2,6.8,6.6,6.6,6.3,6.4,6.2,6.5,6.2,6.2,6.1,6.2,6.1,6,5.9,5.9,5.8,14.5,14.1,13.5,12.8,12.2,11.9,11.8,11.7,11.9,11.2,11.8,11.1,11.4,11.2,11.8,11.8,11.7,11.5,11.3,11.3,10.9,10.6,10.2,9.8,9.3,9.1,9.1,8.9,9,8.6,9,8.5,8.6,8.5,8.9,8.8,8.7,8.6,8.5,8.5
No,Congo_Dem_Rep.,Congo_Dem_Rep.,0,100,0,0,0,100,0,0,0,0,0,0,13,7,0,0,C2,0.29554,nan,nan,nan,nan,nan,nan,nan,nan,nan,nan,nan,,,5.7,5.8,5.7,5.9,6,6,6,5.9,5.8,5.9,5.8,5.7,5.5,5.3,5.3,5.1,5,4.9,5,5,24.9,24.5,24.2,24.4,23.9,23.5,23.1,22.2,22.2,22.6,22.3,22.1,21.6,21.3,20.9,20.4,20.1,20.1,20.6,20.7,14.5,14.4,14.2,14.4,14.2,14.1,13.9,13.4,13.4,13.6,13.5,13.3,13,12.8,12.6,12.3,12.1,12,12.4,12.4
No,Congo_Rep.,Congo_Rep.,0,5,95,0,30,70,0,0,0,0,0,0,6,6,7,1,C2,0.405939,nan,nan,nan,nan,nan,nan,nan,nan,nan,nan,nan,,,14.1,12.4,11.5,11,11.3,11.1,11.2,10.8,10.3,10.7,10.4,9.7,9.7,9,8.5,7.5,7.1,6.8,6.4,6.1,38.5,34.1,30.6,28.1,27.4,25.7,25,24.2,23.3,23.5,22.8,22.4,22.7,21.3,19.9,18.7,18.6,18.1,17.9,18.3,24.7,21.9,19.8,18.4,18.3,17.4,17.2,16.6,16,16.3,15.8,15.3,15.5,14.5,13.5,12.5,12.3,11.9,11.6,11.6
No,Costa_Rica,Costa_Rica,100,0,0,30,70,0,0,0,9,9,2,0,0,0,0,0,C3,0.320654,nan,nan,nan,nan,nan,nan,nan,nan,nan,nan,nan,,,1.6,1.5,2,2.5,2.3,1.9,2.7,1.9,1.6,1.7,1.9,2.3,1.9,1.7,1.8,2.2,2.2,2.2,2.1,1.9,12.3,9.8,12.7,14,14.5,11.5,14.2,9.5,9.4,9.5,11.7,11.2,10.9,11.2,9,10.7,12.4,9.4,11.5,13.3,6.9,5.6,7.3,8.1,8.4,6.7,8.4,5.6,5.5,5.6,6.8,6.7,6.3,6.4,5.4,6.4,7.3,5.8,6.8,7.6
No,Cote_Divoire,Cote_Divoire,0,30,70,0,0,100,0,0,0,0,0,0,0,3,15,2,C9,0.393911,nan,nan,nan,nan,nan,nan,nan,nan,nan,nan,nan,,,8.4,7.9,7.6,7.4,7,6.7,7.3,7.3,6.7,7.3,7.7,6.9,6.7,6.6,6.1,5.8,5.5,5.2,5,5,37.5,36,34.8,34.4,33.9,32.7,32.4,32,30.3,30.6,31.5,31.4,31.8,31.4,30.1,28.8,27.8,26.8,26.1,25.7,24,22.9,22.1,21.7,21.2,20.3,20.5,20.3,19,19.4,20,19.6,19.7,19.5,18.5,17.7,17,16.4,15.9,15.7
No,Croatia,Croatia,0,70,30,0,35,65,0,0,0,0,0,3,10,7,0,0,C2,0.281319,Southern Europe,Europe,HR,2. Developed region: nonG7,HRV,Croatia,Europe,HR,Croatia,Europe & Central Asia,Sovereign country,44.7467,15.3181,6.9,6.6,6.9,5.7,7.3,7,6.6,6,5.5,4.7,5.9,5.6,5.4,4.8,6,5.8,5,5,5.1,5.1,27.1,25.3,24.4,25.9,24.6,24.4,21.6,21.7,22.5,22.8,21.5,18.9,21.8,20.6,19.7,19.4,18.8,17.5,17.8,17.7,16.3,15.3,14.9,15.1,15.1,15,13.7,13.4,13.4,13.2,13.2,11.8,13.1,12.3,12.4,12.2,11.5,10.9,11.1,11
No,Cuba,Cuba,0,85,15,0,90,10,0,0,0,0,1,14,3,2,0,0,C4,0.427115,Caribbean,Americas,CU,5. Emerging region: G20,CUB,Cuba,North America,CU,Cuba,Latin America & Caribbean,Sovereign country,21.5277,-77.951,8.9,7.5,7.3,5.9,5.9,5.7,4.2,4,4.7,4.9,4.8,4.5,4.2,4.2,4.2,4.1,3.8,4.4,4.1,4.1,22.7,20.3,18.9,18.4,18.5,16.9,17.4,16.2,16.5,17.6,18.6,18.2,17.7,17.5,16.6,17.1,16.1,17,16.6,16.7,15.6,13.7,12.9,12,12,11.1,10.6,9.9,10.4,11.1,11.4,11.1,10.7,10.6,10.2,10.4,9.7,10.5,10.2,10.2
No,Cyprus,Cyprus,100,0,0,100,0,0,10,8,2,0,0,0,0,0,0,0,C1,0.545954,Western Asia,Asia,CY,6. Developing region,CYP,Cyprus,Asia,CY,Cyprus,Europe & Central Asia,Sovereign country,34.9113,32.9868,1.2,1.2,1.2,1.2,0.4,1.2,2,1.4,2.7,1.2,1.9,0.8,0.7,1.1,2.6,1.8,1.1,0.9,1.4,1.1,2.6,2.8,2.8,2.9,1.3,3.4,4.4,4.2,8.4,6.8,7.5,6.8,9.1,9.1,7,6.5,7.2,5.7,5.9,5.3,1.9,2,2,2.1,0.8,2.3,3.2,2.8,5.6,4,4.6,3.7,4.9,5.1,4.8,4.2,4.2,3.3,3.6,3.2
No,Czechia,Czechia,0,100,0,0,45,55,0,0,0,0,1,6,12,1,0,0,C4,0.155412,Eastern Europe,Europe,EZ,2. Developed region: nonG7,CZE,Czechia,Europe,CZ,Czechia,Europe & Central Asia,Sovereign country,49.8004,15.5126,5.1,4.8,4.7,5.1,4.3,4.3,4,3.5,4,3.6,3.9,4,4,4.5,4.3,3.9,4.1,4.5,4.1,3.8,22.6,22.6,20.9,23.3,22.6,21.6,19.6,19.5,19.2,20.5,20.4,22.2,22.5,21.4,19.4,17.5,16.9,18.2,17.8,15.4,13.4,13.2,12.4,13.7,13.1,12.6,11.5,11.2,11.3,11.8,11.9,12.9,13.1,12.8,11.7,10.5,10.3,11.2,10.8,9.5
No,Denmark,Denmark,0,80,20,0,100,0,0,0,0,2,10,6,2,0,0,0,C4,0.0554069,Northern Europe,Europe,DA,2. Developed region: nonG7,DNK,Denmark,Europe,DK,Denmark,Europe & Central Asia,Country,56.2612,9.24882,6.4,6.9,6,5.2,6.9,6.3,6.7,5.9,6.2,4.4,4.9,4.9,4.9,4.8,4.6,4.9,4.4,4.8,4.5,4.2,18.9,18,16.6,15.7,15.6,16.2,16.1,13.2,14,15.4,13.1,14.5,14.9,13.3,13.6,11.3,12.2,11.9,11.9,11.1,12.5,12.3,11.2,10.3,11.1,11.1,11.2,9.5,10,9.8,8.9,9.7,9.8,9,9.1,8.1,8.2,8.3,8.2,7.6
No,Djibouti,Djibouti,0,0,100,0,100,0,0,0,0,0,0,1,19,0,0,0,C4,0.399188,Eastern Africa,Africa,DJ,7. Least developed region,DJI,Djibouti,Africa,DJ,Djibouti,Middle East & North Africa,Sovereign country,11.8155,42.4934,7.5,7.3,7.5,7.6,7.6,7.5,7.2,7.2,7.1,7.2,7.3,7.3,7.3,7.6,7.6,7.5,7.6,7.7,7.7,7.6,17.1,16.6,16.9,17,17.1,16.9,16.6,16.1,16,15.9,16.2,16.4,16.4,16.6,16.7,16.2,16.5,16.8,16.5,16.3,12.1,11.7,12,12.1,12.1,12,11.7,11.5,11.4,11.5,11.7,11.8,11.9,12.1,12.2,11.9,12.1,12.3,12.2,11.9
No,Dominican_Republic,Dominican_Republic,100,0,0,85,15,0,0,3,14,3,0,0,0,0,0,0,C1,0.14156,nan,nan,nan,nan,nan,nan,nan,nan,nan,nan,nan,,,1.6,1.6,1.8,1.9,2,2,1.9,1.9,1.9,2,1.8,1.9,2,2.1,2.3,2.4,2.4,2.2,2,1.9,8.3,8,8,8.8,8.7,9.2,9.4,9.5,9.4,9.4,9,9.2,9.7,10.2,11.1,11.5,11.3,10,9.2,8.5,4.9,4.8,4.9,5.3,5.3,5.6,5.6,5.7,5.6,5.6,5.4,5.5,5.8,6.1,6.6,6.8,6.8,6,5.5,5.1
No,Ecuador,Ecuador,0,100,0,5,95,0,0,0,0,4,8,8,0,0,0,0,C3,0.168694,South America,Americas,EC,6. Developing region,ECU,Ecuador,South America,EC,Ecuador,Latin America & Caribbean,Sovereign country,-1.83318,-78.2942,4.2,4.4,4.9,5.1,5.5,5.6,5.8,5.6,5.5,5.5,5.4,5.2,5.1,4.8,4.5,4.2,4.3,4.2,3.8,3.6,9.6,10.3,11.9,12.8,13.6,15.2,15.1,15.6,16.3,16.1,15.1,15,15.6,14.7,13.5,13.7,14,14.5,12.5,11.9,6.8,7.3,8.4,8.9,9.4,10.3,10.4,10.5,10.8,10.8,10.2,10,10.3,9.7,8.9,8.9,9.1,9.3,8.1,7.7
No,Egypt_Arab_Rep.,Egypt_Arab_Rep.,100,0,0,100,0,0,0,20,0,0,0,0,0,0,0,0,C1,0.641408,nan,nan,nan,nan,nan,nan,nan,nan,nan,nan,nan,,,2.7,2.7,2.7,2.7,2.6,2.5,2.5,2.4,2.4,2.4,2.5,2.3,2.5,2.3,2.3,2.4,2.3,2.2,2.2,2.2,4.7,4.8,4.8,4.8,4.8,4.7,4.7,4.7,4.7,4.7,4.8,5.1,5.2,5.2,5.1,5.1,5,4.7,4.6,4.7,3.6,3.8,3.7,3.7,3.7,3.6,3.6,3.5,3.5,3.6,3.6,3.7,3.8,3.8,3.7,3.7,3.6,3.4,3.4,3.4
No,El_Salvador,El_Salvador,80,20,0,15,85,0,0,0,7,10,3,0,0,0,0,0,C3,0.434181,nan,nan,nan,nan,nan,nan,nan,nan,nan,nan,nan,,,3.4,3.8,3.2,3.3,2.7,2.7,2.1,2.5,2.6,2.4,2.1,2.7,2.6,2.3,2.6,2.1,2.2,2.2,2.1,2.1,10.6,11.7,9.3,12,12.9,14.7,12.7,15.7,13,16.8,11.7,14.4,12.4,12.3,10.1,12.5,10.2,11.1,11,11.1,6.7,7.4,5.9,7.2,7.3,8.2,7,8.5,7.3,9,6.4,8,7,6.7,6,6.8,5.8,6.2,6.1,6.1
No,Equatorial_Guinea,Equatorial_Guinea,0,0,100,0,35,65,0,0,0,0,0,0,2,15,3,0,C2,0.335052,nan,nan,nan,nan,nan,nan,nan,nan,nan,nan,nan,,,7.8,7.4,7,7.2,7.2,7.3,8.2,8.3,8.8,9.6,9.7,9.1,8.7,8.3,8.9,10,9.6,8.6,8.5,8.8,31,27.9,24.7,23.5,22.1,20.9,20.7,20.1,19.2,18.5,20.8,23.5,21.9,19.1,19.5,20.6,20.3,17.9,19.7,18.5,19.4,17.6,15.8,15.3,14.6,14.1,14.4,14.2,13.9,13.9,15.3,16.6,15.5,13.8,14.2,15.3,15,13.2,14.1,13.5
No,Eritrea,Eritrea,0,0,100,0,0,100,0,0,0,0,0,0,0,0,19,1,C9,0.427621,Eastern Africa,Africa,ER,7. Least developed region,ERI,Eritrea,Africa,ER,Eritrea,Sub-Saharan Africa,Sovereign country,15.1892,38.0907,9.6,9.4,9.4,8.8,9,9.3,9.6,9.5,9.9,9.8,9.6,9.4,9.3,9.1,8.9,8.9,8.7,8.6,8.5,8.3,38.4,36.7,35.9,33.8,33.8,33.7,33.8,33.3,33.7,33,32.5,31.9,31.2,30.4,29.8,29.5,28.8,28.4,28.1,27.2,23.4,22.5,22.1,20.7,20.9,20.9,21.2,20.8,21.3,20.9,20.5,20.2,19.7,19.2,18.9,18.7,18.3,18,17.8,17.3
No,Estonia,Estonia,0,75,25,0,5,95,0,0,0,0,0,0,4,6,6,4,C9,0.319825,Northern Europe,Europe,EN,2. Developed region: nonG7,EST,Estonia,Europe,EE,Estonia,Europe & Central Asia,Sovereign country,58.5935,25.4947,9.6,8.3,7.8,6.9,7.1,5.7,5.8,4.6,6,4.9,4.6,4.4,4.9,4.4,5.2,3.8,4.8,6.3,4.5,4.5,43.1,46,46,40.1,41.4,34.1,29.4,32.5,28,35.2,27.6,26.7,30.9,27,28.6,24.1,21.3,25,19.7,20.2,25,26.1,25.8,22.3,23.1,19.1,16.8,17.5,16.2,19.2,15.4,14.7,17.2,14.9,16.2,13.4,12.5,15.2,11.6,12
No,Eswatini,Eswatini,0,5,95,0,0,100,0,0,0,0,0,0,0,0,0,20,C5,0,nan,nan,nan,nan,nan,nan,nan,nan,nan,nan,nan,,,20.9,23.3,27.2,29.5,30.7,31.7,33.1,34.7,34.6,33.1,29.1,24.8,23.7,20.9,16.4,11.9,9.1,7,5.8,6.4,65.5,72.5,81.1,87.9,92,95.5,104.2,122.1,125.4,125.1,119.1,114.5,116.2,110,99,92.3,88.8,83.6,78.8,78.7,40.6,45.1,51.1,55.4,57.9,60.1,64.9,74.1,75.8,75.1,70.5,66,66.3,62,54.6,49.2,46.2,42.9,40.1,40.5
No,Ethiopia,Ethiopia,0,40,60,0,55,45,0,0,0,0,4,4,2,7,3,0,C2,0.0262258,Eastern Africa,Africa,ET,7. Least developed region,ETH,Ethiopia,Africa,ET,Ethiopia,Sub-Saharan Africa,Sovereign country,9.17219,38.9442,11.2,10.8,10.5,10.2,9.9,9.6,9.2,8.9,8.7,8.2,7.6,7.1,6.3,5.7,5.5,5.5,5.3,5.3,5.2,5.2,25.9,24.5,23.7,22.8,22.1,21.5,21,20.6,20.3,19.6,19.1,18.2,16.8,15.7,15,14.9,14.7,14.5,14.3,14.2,18.4,17.5,16.9,16.3,15.8,15.3,14.9,14.5,14.2,13.7,13.1,12.4,11.3,10.4,10,10,9.8,9.6,9.5,9.5
No,Fiji,Fiji,0,55,45,0,100,0,0,0,0,0,2,17,1,0,0,0,C4,0.0320422,Melanesia,Oceania,FJ,6. Developing region,FJI,Fiji,Oceania,FJ,Fiji,East Asia & Pacific,Sovereign country,-17.803,177.983,8.2,7.8,7.9,7.5,7.1,6.8,6.3,6.2,6.6,6.7,6.4,6.3,6.3,6.2,6.2,6.1,6.1,6.1,6.1,6,15.3,15,14.1,13.5,13.1,13.5,13.4,13.8,13.8,13.6,13.8,14.3,14.6,14.8,14.3,13.9,14,13.7,13.4,13.1,11.7,11.4,11,10.5,10,10.2,9.9,10.1,10.2,10.2,10.1,10.3,10.5,10.5,10.3,10,10,9.9,9.7,9.5
No,Finland,Finland,0,10,90,0,5,95,0,0,0,0,0,0,3,7,10,0,C2,0.38955,Northern Europe,Europe,FI,2. Developed region: nonG7,FIN,Finland,Europe,FI,Finland,Europe & Central Asia,Country,64.941,27.4203,10.4,9,9,8.6,8.6,9.1,8.4,8,8.5,9.4,7.8,7.1,7.3,7.7,6.7,5.4,6.1,8,7.2,6.8,33.3,33.6,29.7,29.5,29.4,25.1,28.2,26.1,27.9,26.5,25.1,24.4,22.6,22.5,20.7,18.9,20.4,20.8,21.6,20.1,21.7,21.2,19.2,18.9,18.9,16.9,18.2,17,18.1,17.9,16.4,15.7,14.9,15,13.7,12.1,13.3,14.4,14.4,13.4
No,France,France,0,35,65,0,35,65,0,0,0,0,1,4,4,11,0,0,C2,0.177972,Western Europe,Europe,FR,1. Developed region: G7,FRA,France,Europe,FR,France,Europe & Central Asia,Country,46.7326,2.19266,8.3,8.1,8.4,8.2,8.3,7.8,7.6,7.3,7.2,7.2,7.2,6.8,6.6,6.2,5.7,5.3,5,4.9,4.7,4.5,24.2,23.4,23.5,24.2,23.1,22.6,21.8,21,21.4,21.7,21.2,21,20.8,19.4,17.7,18.1,16.9,16.3,15.8,15.2,15.8,15.4,15.6,15.7,15.3,14.8,14.4,13.8,14,14.1,13.9,13.6,13.4,12.5,11.4,11.5,10.7,10.4,10,9.7
No,Gabon,Gabon,0,65,35,0,0,100,0,0,0,0,0,0,3,12,5,0,C2,0.322701,Middle Africa,Africa,GB,6. Developing region,GAB,Gabon,Africa,GA,Gabon,Sub-Saharan Africa,Sovereign country,-0.815422,11.7334,7.5,7.2,6.6,6.6,6.1,6.1,7,6.4,6.6,5.7,5.6,5.3,4.2,4,4.9,4.8,4.4,4.1,4,3.8,33.2,31.3,28.9,28.3,26,26.9,27.3,27.1,29.5,27.5,27.4,27.5,24.9,24.3,27,26.5,25.7,24.5,24,23.3,19.4,18.3,16.9,16.6,15.2,15.7,16.3,16,17.3,15.9,15.8,15.8,14,13.6,15.4,15.2,14.6,13.8,13.6,13.1
No,Gambia,Gambia,0,15,85,0,100,0,0,0,0,0,3,14,3,0,0,0,C4,0.254188,Western Africa,Africa,GA,7. Least developed region,GMB,Gambia,Africa,GM,Gambia,Sub-Saharan Africa,Sovereign country,13.4421,-14.3524,7.1,7.2,7.3,7.3,7.3,7.2,7.3,7.2,7.1,6.9,6.8,6.9,7,7,6.9,6.7,6.5,6.3,6.3,6.2,15.3,15.6,15.8,15.9,16.1,15.8,15.6,15.5,15.5,15,14.7,15.2,14.8,14.6,14.5,14.1,13.6,13.6,13.2,13.3,11.1,11.3,11.5,11.5,11.6,11.4,11.4,11.2,11.2,10.9,10.6,11,10.8,10.7,10.6,10.3,9.9,9.8,9.6,9.6
No,Georgia,Georgia,100,0,0,20,80,0,0,0,7,9,4,0,0,0,0,0,C3,0.389727,Western Asia,Asia,GG,6. Developing region,GEO,Georgia,Asia,GE,Georgia,Europe & Central Asia,Sovereign country,42.287,43.6358,2.2,2.2,2.8,2.4,2.4,2,1.8,1.9,2.2,2.7,2.1,2.2,2.1,2.3,2.6,2.6,2.6,2.3,2.3,2.2,11.9,10.8,12.8,9.8,11.3,9.5,9.5,9.1,11.6,12.8,12.7,13,14,15,15.5,15.9,16.4,14.7,14.3,14,6.6,6.1,7.3,5.7,6.4,5.5,5.3,5.2,6.5,7.4,7,7.2,7.7,8.2,8.6,8.8,9,8.1,7.9,7.7
No,Germany,Germany,0,100,0,0,100,0,0,0,0,0,15,5,0,0,0,0,C4,0.0374777,Western Europe,Europe,GM,1. Developed region: G7,DEU,Germany,Europe,DE,Germany,Europe & Central Asia,Sovereign country,51.1135,10.5197,5.3,5.2,5.4,5.2,4.8,4.7,4.5,4.2,4.3,4.2,4.5,4.3,4.6,4.6,4.5,4.7,4.3,3.9,4,3.9,17.6,17.6,17.2,16.9,16.4,15.4,14.5,14.1,14.2,14.4,14.8,14.5,13.6,14.1,14.2,13.5,13.5,12.9,13.1,12.8,11.2,11.1,11,10.8,10.4,9.8,9.3,8.9,9.1,9.1,9.5,9.3,9,9.2,9.2,9,8.8,8.3,8.5,8.3
No,Ghana,Ghana,65,35,0,0,20,80,0,0,0,0,1,6,13,0,0,0,C4,0.0443456,Western Africa,Africa,GH,6. Developing region,GHA,Ghana,Africa,GH,Ghana,Sub-Saharan Africa,Sovereign country,7.97652,-1.06834,2.9,3.1,3.2,3.2,3.2,3.2,3.2,3.2,3.2,3.1,3,2.8,2.7,2.6,2.4,2.2,2.1,2,1.8,1.8,17.2,18.6,19.5,20.5,21.5,22,22.3,22.5,23.4,23.8,24.4,24.3,24.1,23.8,23.2,22.7,22.2,21.4,20.5,20,9.8,10.5,11,11.4,11.9,12.2,12.3,12.4,12.9,13,13.3,13.1,13,12.8,12.4,12,11.7,11.3,10.8,10.5
No,Greece,Greece,100,0,0,100,0,0,11,9,0,0,0,0,0,0,0,0,C1,0.622721,Southern Europe,Europe,GR,2. Developed region: nonG7,GRC,Greece,Europe,GR,Greece,Europe & Central Asia,Sovereign country,39.0711,21.9685,1.2,0.7,0.9,1,0.9,1.2,1,0.8,0.9,0.8,0.6,1.3,1.4,1.6,1.7,1.5,1.3,1.5,1.5,1.5,4.6,4.4,3.7,4.4,4.1,4.7,4.8,4.1,4.4,5,4.9,5.8,6.2,6.4,6.5,6.1,5.7,6.1,6,5.9,2.9,2.5,2.3,2.7,2.5,2.9,2.9,2.5,2.6,2.9,2.7,3.5,3.7,4,4,3.8,3.4,3.8,3.7,3.6
No,Grenada,Grenada,100,0,0,100,0,0,17,3,0,0,0,0,0,0,0,0,C1,0.526,Caribbean,Americas,GJ,6. Developing region,GRD,Grenada,North America,GD,Grenada,Latin America & Caribbean,Sovereign country,12.1272,-61.6772,0.6,0.8,0.5,0.5,0.9,0.8,1.6,0.6,0.7,0,0,0,0.5,0.5,0.8,0.3,0.9,0.6,0.7,0.7,3.8,0,6.6,4.8,9.3,6,8.9,3.3,3.9,1.4,1.7,3.2,2.8,1.8,0,0.9,0.9,0.8,0,0.5,2.1,0.4,3.4,2.6,4.9,3.2,4.9,1.9,2.1,0.5,0.7,1.6,1.6,1.1,0.5,0.6,0.9,0.7,0.3,0.6
No,Guatemala,Guatemala,45,55,0,10,55,35,0,0,6,3,2,2,2,5,0,0,C4,0.179353,Central America,Americas,GT,6. Developing region,GTM,Guatemala,North America,GT,Guatemala,Latin America & Caribbean,Sovereign country,15.7761,-90.2899,4.1,4.4,4.5,4.5,4.5,4.6,4.3,3.9,3.7,3.7,3.4,3.1,3,2.9,2.9,2.9,2.8,2.7,2.6,2.5,24,25.1,24,24.4,24.6,25,23.5,17.7,16.9,16,14.6,12.7,11.6,10.9,10.4,10.4,10,9.8,10.4,10.3,13.5,14.1,13.7,13.9,13.9,14.2,13.3,10.4,9.9,9.5,8.7,7.6,7,6.7,6.4,6.4,6.2,6,6.3,6.2
No,Guinea,Guinea,0,0,100,0,100,0,0,0,0,0,2,5,13,0,0,0,C4,0.318434,Western Africa,Africa,GV,7. Least developed region,GIN,Guinea,Africa,GN,Guinea,Sub-Saharan Africa,Sovereign country,9.93115,-9.67642,6.7,6.7,6.9,6.9,7,7,7.4,7.7,7.7,7.9,8.2,8.4,8.4,8.6,8.3,8.5,8.4,8.3,8,8,13.7,13.8,14.4,14.7,15.1,15.1,16.1,17.1,17.4,17.6,18.5,19,19.3,19.8,19.6,19.4,19,18.4,18.2,18.4,9.7,9.8,10.1,10.2,10.4,10.4,11.1,11.7,11.7,11.9,12.5,12.8,12.9,13.2,13,13,12.8,12.5,12.2,12.3
No,Guinea_Bissau,Guinea_Bissau,0,0,100,0,5,95,0,0,0,0,0,0,5,12,3,0,C2,0.540405,nan,nan,nan,nan,nan,nan,nan,nan,nan,nan,nan,,,8.8,8.6,8.5,8.3,8.2,8,7.9,8,8.1,8,7.9,7.8,7.5,7.6,7.4,7.2,7.1,7,6.8,6.7,28.7,28.2,27.4,26.7,26.6,25.7,25.4,25.3,25.3,25.7,25.3,24.6,24.1,24.1,22.9,20.9,21.1,21,20.8,19.8,17.5,17.2,16.7,16.3,16.2,15.6,15.5,15.5,15.5,15.6,15.4,15.1,14.7,14.8,14.1,13.1,13.1,13.1,12.9,12.4
No,Guyana,Guyana,0,0,100,0,0,100,0,0,0,0,0,0,0,0,0,20,C7,0.494965,South America,Americas,GY,6. Developing region,GUY,Guyana,South America,GY,Guyana,Latin America & Caribbean,Sovereign country,4.87628,-58.9469,14.5,15.5,14.6,16.8,16,15.1,15.8,15.8,15.3,19.5,15.8,14.8,15.9,17.1,13.6,15.9,16.1,16.3,16.7,17,57.6,64.8,65.4,59.9,59.2,57,54.8,54.9,52.5,53.7,57.7,56.8,60.5,65.4,66.4,63.5,63.8,63.9,64.4,65,35.8,39.9,39.8,38.1,37.3,35.6,35,35.1,33.7,36.3,36.4,35.3,37.6,40.7,39.5,39.3,39.6,39.9,40.4,40.9
No,Haiti,Haiti,0,0,100,0,100,0,0,0,0,0,0,3,17,0,0,0,C4,0.205227,Caribbean,Americas,HA,7. Least developed region,HTI,Haiti,North America,HT,Haiti,Latin America & Caribbean,Sovereign country,18.9804,-72.2836,11.1,10.8,10.6,10.5,10,10.5,10.5,10.7,10.5,10.6,10.8,10.1,9.6,9.4,9.3,9.1,8.7,8.3,8.2,8,14.7,14.3,13.9,13.9,13.7,13.9,14.2,14.9,15.1,15.4,16,15.3,15.3,15.2,15.2,15.3,15.1,15.1,15.1,14.9,12.7,12.4,12.1,12,11.7,12,12.1,12.6,12.6,12.8,13.2,12.5,12.2,12,12,12,11.6,11.4,11.4,11.2
No,Honduras,Honduras,100,0,0,100,0,0,16,4,0,0,0,0,0,0,0,0,C1,0.619281,Central America,Americas,HO,6. Developing region,HND,Honduras,North America,HN,Honduras,Latin America & Caribbean,Sovereign country,14.516,-87.2233,1.1,1.1,1.1,1.1,1.2,1.2,1.2,1.2,1.1,1,1,1,1,1,1,1.1,1,1,1,1,5.1,5.1,5.1,5.1,5,5,5,4.9,4.8,4.6,4.5,4.4,7.1,7,7.3,8.3,4.5,4.6,4.4,4.4,3,3,3,3,3,3,3,2.9,2.8,2.7,2.7,2.6,4,3.9,4.1,4.6,2.7,2.7,2.6,2.6
No,Hungary,Hungary,0,25,75,0,5,95,0,0,0,0,0,0,4,3,10,3,C9,0.356432,Eastern Europe,Europe,HU,2. Developed region: nonG7,HUN,Hungary,Europe,HU,Hungary,Europe & Central Asia,Sovereign country,47.1592,19.1229,11,9.4,9.1,8.3,8.8,8.1,8.4,7.5,7.7,7.9,7.6,7.7,7.5,7,6.3,6.5,6.1,5.3,5.3,5.5,44.7,40.5,38.8,37.5,36.5,35,31.8,32.2,32.6,33,32.6,31.8,30.9,26.8,25,24,21.9,21.1,21.2,19.1,26.6,23.8,22.8,21.8,21.6,20.5,19.2,18.9,19.1,19.5,19.2,18.9,18.4,16.1,15,14.6,13.3,12.6,12.6,11.8
No,Iceland,Iceland,5,50,45,0,80,20,0,0,0,0,0,5,14,1,0,0,C4,0.357919,Northern Europe,Europe,IC,2. Developed region: nonG7,ISL,Iceland,Europe,IS,Iceland,Europe & Central Asia,Sovereign country,64.9725,-18.4673,6,5.9,5.7,5.3,6.9,7.5,6.7,9,7.8,7.6,5.3,4.8,8,6.4,8.1,5.2,4,2.3,3.5,3.5,19.3,18.9,17.7,18.6,16.1,14.1,15.7,17.9,18.9,18.1,18.2,16.5,17,18.5,20.6,21,20.3,20.8,16.6,18.7,12.7,12.4,11.8,12,11.5,10.8,11.3,13.5,13.3,12.9,11.8,10.7,12.5,12.5,14.4,13.2,12.3,11.7,10.1,11.2
No,India,India,0,0,100,0,80,20,0,0,0,0,0,0,6,6,8,0,C2,0.0875845,Southern Asia,Asia,IN,3. Emerging region: BRIC,IND,India,Asia,IN,India,South Asia,Sovereign country,21.7849,80.2257,17.4,16.9,15.9,14.8,14.2,14.2,14,13.4,13.1,12.8,13.2,13.1,12.5,12.1,11.3,11.1,10.8,10.7,11.1,11.1,20.9,20.6,20.4,19.7,19.5,19.8,20.2,19.9,19.5,18.4,18,17.9,17.6,16.8,15.7,14.8,14.4,14.3,14.7,14.7,19.1,18.7,18.2,17.3,16.8,17,17.1,16.7,16.3,15.6,15.6,15.5,15.1,14.4,13.5,12.9,12.6,12.5,12.9,12.9
No,Indonesia,Indonesia,100,0,0,100,0,0,15,5,0,0,0,0,0,0,0,0,C1,0.648494,South-Eastern Asia,Asia,ID,4. Emerging region: MIKT,IDN,Indonesia,Asia,ID,Indonesia,East Asia & Pacific,Sovereign country,0.0831973,113.339,2.1,2,2,1.9,1.8,1.7,1.7,1.6,1.6,1.5,1.5,1.5,1.4,1.3,1.3,1.2,1.2,1.2,1.2,1.2,5.5,5.5,5.4,5.3,5.2,5,4.8,4.8,4.6,4.5,4.4,4.3,4.2,4.1,4,3.9,4,4,4,4,3.8,3.7,3.6,3.6,3.5,3.3,3.2,3.2,3.1,3,2.9,2.9,2.8,2.7,2.6,2.6,2.6,2.6,2.6,2.6
No,Iran_Islamic_Rep.,Iran_Islamic_Rep.,25,75,0,100,0,0,0,0,16,4,0,0,0,0,0,0,C1,0.111674,nan,nan,nan,nan,nan,nan,nan,nan,nan,nan,nan,,,5.9,5.7,5.5,5,4.7,4.4,4.1,4.2,3.9,3.8,3.8,3.8,3.6,3.5,3.3,3.1,3,3,2.9,2.8,10.1,9.6,9.2,8.4,8.1,7.5,7.2,7.8,7.5,7.6,7.8,8.5,8.7,8.7,8.8,8.8,8.8,8.6,8.1,7.5,8,7.7,7.3,6.8,6.5,6,5.7,6,5.7,5.7,5.8,6.1,6.2,6.1,6.1,6,5.9,5.8,5.5,5.1
No,Iraq,Iraq,65,35,0,100,0,0,0,4,16,0,0,0,0,0,0,0,C1,0.451681,Western Asia,Asia,IZ,6. Developing region,IRQ,Iraq,Asia,IQ,Iraq,Middle East & North Africa,Sovereign country,33.2143,42.4933,3.4,3.4,3.4,3.2,3.1,3.1,3,2.9,2.9,3.1,3.2,3.2,3.2,3.1,3,2.9,2.8,2.7,2.5,2.4,7.2,7.1,7.1,7.4,7.3,7.3,7.4,7.3,7,7.4,7.7,8,8.2,8.5,8.2,8.1,8,7.8,7.4,7.3,5.3,5.2,5.2,5.2,5.2,5.1,5.2,5,4.9,5.1,5.3,5.5,5.6,5.7,5.5,5.4,5.3,5.2,4.9,4.7
No,Ireland,Ireland,0,100,0,0,90,10,0,0,0,0,5,9,6,0,0,0,C4,0.39005,Northern Europe,Europe,EI,2. Developed region: nonG7,IRL,Ireland,Europe,IE,Ireland,Europe & Central Asia,Sovereign country,53.4161,-7.95881,4.4,4.2,4.3,5,3.7,4.5,4.2,4.6,5.5,5.1,4.9,4.2,4.4,4.3,3.8,3.7,3.7,3.7,3.7,3.6,19.8,20.8,18.8,17.4,18.4,17.3,16.2,16.9,17.4,21.5,17.5,19.5,19.1,16.9,17.3,13.8,15.2,15,14.8,14.3,12.1,12.5,11.5,11.3,11.1,11,10.2,10.8,11.4,13.3,11.2,11.8,11.7,10.5,10.5,8.7,9.4,9.3,9.2,8.9
No,Israel,Israel,95,5,0,80,20,0,0,4,13,3,0,0,0,0,0,0,C1,0.172289,Western Asia,Asia,,2. Developed region: nonG7,ISR,Israel,Asia,IL,Israel,Middle East & North Africa,Country,31.4553,34.6746,2.8,2.3,2.8,2.2,2.6,3.5,2.6,2,1.7,2.6,2.4,2.3,2.2,2.4,2.3,1.9,1.9,2.3,2.2,2.1,11,10.6,9.1,10.8,9.9,10,8.5,8.6,8.7,9.4,11,8.9,10.1,7.9,7.9,7.2,8.4,7.8,8.5,8.3,6.8,6.3,5.8,6.4,6.1,6.6,5.5,5.2,5.1,5.9,6.6,5.5,6,5.1,5,4.5,5,5,5.3,5.2
No,Italy,Italy,100,0,0,100,0,0,0,12,8,0,0,0,0,0,0,0,C1,0.471002,Southern Europe,Europe,IT,1. Developed region: G7,ITA,Italy,Europe,IT,Italy,Europe & Central Asia,Sovereign country,42.5005,12.687,2.7,2.5,2.4,2.5,2.4,2.3,2.2,2.2,2.3,2.2,2.1,2.2,2.3,2.4,2.4,2.2,1.9,2.2,2.1,2.1,8.7,8.6,8.7,8.3,8.2,7.5,7.4,7.5,7.6,7.8,7.8,8.4,8.6,8.4,7.9,7.6,6.9,7.7,6.9,6.7,5.5,5.4,5.4,5.3,5.1,4.8,4.7,4.7,4.9,4.9,4.8,5.1,5.4,5.3,5,4.8,4.4,4.8,4.4,4.3
No,Jamaica,Jamaica,100,0,0,100,0,0,20,0,0,0,0,0,0,0,0,0,C1,0.606258,Caribbean,Americas,JM,6. Developing region,JAM,Jamaica,North America,JM,Jamaica,Latin America & Caribbean,Sovereign country,18.1345,-77.1838,0.9,0.9,0.8,0.9,0.8,0.7,0.7,0.8,0.9,0.9,0.9,0.9,0.9,0.9,1,1,1,1,1,1,3.3,3.2,3.1,3,2.7,2.5,2.6,3,3.8,4,3.1,3.7,3.3,3.2,3.5,3.4,3.4,3.5,3.5,3.6,2.1,2,2,1.9,1.7,1.6,1.6,1.9,2.3,2.4,2,2.3,2.1,2,2.2,2.2,2.2,2.2,2.2,2.3
No,Japan,Japan,0,0,100,0,20,80,0,0,0,0,0,0,3,3,14,0,C2,0.399854,Eastern Asia,Asia,JA,1. Developed region: G7,JPN,Japan,Asia,JP,Japan,East Asia & Pacific,Sovereign country,43.4657,143.335,9.6,9.3,9.3,10.1,9.6,9.9,10.2,10.5,10.6,10.5,10.3,11,9.7,9.5,9.1,8.4,7.7,7.6,7.9,6.9,26.8,25.9,26.7,29.2,27.4,27.9,26.9,27.9,27.6,28.6,27.4,25.9,24.4,23.9,22.4,21.4,19.7,19.4,18.8,17.5,18.1,17.5,17.9,19.5,18.4,18.8,18.4,19.1,19,19.5,18.8,18.4,17,16.7,15.8,14.9,13.7,13.5,13.4,12.2
No,Jordan,Jordan,100,0,0,100,0,0,18,2,0,0,0,0,0,0,0,0,C1,0.613531,Western Asia,Asia,JO,6. Developing region,JOR,Jordan,Asia,JO,Jordan,Middle East & North Africa,Sovereign country,31.3293,36.2789,2.4,2.3,2.2,2.2,2.1,1.9,1.7,1.4,1.2,1.1,1,1,1,0.9,0.9,0.9,0.9,0.9,0.9,0.9,4.5,4.4,4.1,4,3.8,3.6,3.4,3.3,3.2,3.1,3,2.9,2.9,2.8,2.8,2.8,2.8,2.8,2.9,3,3.5,3.4,3.2,3.1,3,2.8,2.6,2.4,2.2,2.1,2,2,2,1.9,1.9,1.9,1.9,1.9,1.9,2
No,Kazakhstan,Kazakhstan,0,0,100,0,0,100,0,0,0,0,0,0,0,0,4,16,C8,0.568288,Central Asia,Asia,KZ,6. Developing region,KAZ,Kazakhstan,Asia,KZ,Kazakhstan,Europe & Central Asia,Sovereign country,48.029,66.3342,11.4,11.5,11.8,12,11.9,11.8,11.7,11.7,11.5,10.4,10.1,9.7,9.3,9,8.5,8.2,7.9,7.8,7.3,6.9,71.7,71.2,68.7,70.1,70.2,68.7,65.8,65.8,58.8,51.3,51.3,49.4,47.7,45.6,42.2,40.8,38.2,36.6,33.4,30.9,39.4,39.4,38.3,39,39.3,38.6,37.2,37.2,33.8,29.6,29.4,28.3,27.3,26.2,24.2,23.4,22,21.2,19.4,18.1
No,Kenya,Kenya,0,75,25,0,55,45,0,0,0,0,0,6,11,3,0,0,C2,-0.110344,Eastern Africa,Africa,KE,5. Emerging region: G20,KEN,Kenya,Africa,KE,Kenya,Sub-Saharan Africa,Sovereign country,0.207844,37.4713,8.2,7.6,7.1,6.7,5.7,6,6,6.4,6.3,6.2,6.2,5.6,5.5,5.7,5.5,5.3,5,5,5.2,5.3,24.8,23.1,22.1,21.1,20.2,21.4,21,21.1,20.8,19.6,19,19.4,19.2,18.9,18,17.4,17.2,17.6,18.2,18.1,15.8,14.7,13.9,13.2,12.2,12.9,12.7,13,12.8,12.1,11.9,11.8,11.7,11.6,11.1,10.6,10.5,10.6,11,11
No,Kiribati,Kiribati,0,0,100,0,0,100,0,0,0,0,0,0,0,0,0,20,C7,0.276956,Micronesia,Oceania,KR,7. Least developed region,KIR,Kiribati,Oceania,KI,Kiribati,East Asia & Pacific,Sovereign country,1.87138,-157.38,11.1,10.9,10.7,10.4,10.3,10.2,10.1,10.3,10.4,10.4,10.3,10.3,10.2,10.2,10,9.9,9.8,9.7,9.3,9.5,62.6,61.9,60.6,56.7,55.9,56.9,54.9,57.5,58.6,57.6,57.1,57.4,55.9,56.6,55.3,55.3,55,55.4,53.1,53.6,35.6,35.3,34.5,32.5,32,32.5,31.5,32.8,33.4,33,32.7,32.9,32,32.3,31.6,31.6,31.4,31.5,30.3,30.6
No,Kuwait,Kuwait,100,0,0,100,0,0,20,0,0,0,0,0,0,0,0,0,C1,0.626617,Western Asia,Asia,KU,6. Developing region,KWT,Kuwait,Asia,KW,Kuwait,Middle East & North Africa,Sovereign country,29.2972,47.4152,1.5,1.4,1.4,1.3,1.3,1.3,1.2,1.1,1.2,1.1,1,0.9,0.9,0.8,0.8,0.7,0.7,0.7,0.7,0.7,4.1,3.5,3.8,3.5,3.6,3.6,3.7,3.5,4.1,3.7,3.4,3.1,3.3,3.4,3.4,3.5,3.6,3.6,3.7,3.8,3.1,2.7,2.9,2.7,2.7,2.7,2.7,2.6,2.9,2.7,2.4,2.2,2.3,2.3,2.4,2.4,2.5,2.5,2.6,2.7
No,Kyrgyz_Republic.,Kyrgyz_Republic.,0,100,0,0,40,60,0,0,0,0,4,2,6,7,1,0,C2,0.174842,nan,nan,nan,nan,nan,nan,nan,nan,nan,nan,nan,,,5.5,4.9,5.3,5.1,4.8,5.1,5,4.9,4.8,4.9,4.8,4.9,4.6,4.3,4.4,4.2,4,3.8,3.7,3.5,30.7,28.8,27.9,26,24.2,24.6,24.3,23.2,22.2,21.3,20.6,20.2,19.8,19.1,19.1,18.1,15.7,15.1,14.6,13.5,17.6,16.4,16.2,15.2,14.2,14.5,14.4,13.7,13.2,12.8,12.4,12.3,11.9,11.4,11.5,10.9,9.6,9.2,8.9,8.3
No,Lao_PDR,Lao_PDR,0,90,10,70,30,0,0,0,8,9,3,0,0,0,0,0,C3,0.311995,nan,nan,nan,nan,nan,nan,nan,nan,nan,nan,nan,,,6.5,6.4,6.1,5.8,5.6,5.5,5.2,5,4.8,4.6,4.4,4.3,4,3.9,3.8,3.7,3.6,3.6,3.6,3.5,11,11,10.6,10.4,10.3,10.3,10.2,10,9.9,9.6,9.4,9.3,8.9,8.9,8.7,8.8,8.8,8.9,8.9,8.6,8.7,8.6,8.2,8,7.8,7.7,7.6,7.4,7.2,7,6.8,6.7,6.4,6.3,6.2,6.2,6.2,6.2,6.2,6
No,Latvia,Latvia,5,55,40,0,0,100,0,0,0,0,0,0,0,2,14,4,C9,0.430103,Northern Europe,Europe,LG,2. Developed region: nonG7,LVA,Latvia,Europe,LV,Latvia,Europe & Central Asia,Sovereign country,56.868,24.3816,9.4,8.4,9.5,8.4,6.7,6.7,4.8,5.6,6.7,6.5,4,4.9,4.9,4.5,5.2,5.5,5.5,5.5,2.8,4.6,54.3,50,47.8,44.2,40.4,39.7,35.9,30.9,39.4,39.4,35.6,33.9,35.9,30.9,31,30.5,30.3,30.2,27.4,29,29.6,27.5,27.1,24.5,22.1,22.1,19.1,17,21.7,21.7,18.6,18.2,19.4,16.7,17.2,17.1,17.1,17.1,14.3,16.1
No,Lebanon,Lebanon,100,0,0,100,0,0,20,0,0,0,0,0,0,0,0,0,C1,0.636265,Western Asia,Asia,LE,6. Developing region,LBN,Lebanon,Asia,LB,Lebanon,Middle East & North Africa,Sovereign country,33.8692,35.9029,2.4,2.3,2.2,2.2,2.1,2,1.9,2,1.9,1.9,1.9,1.9,1.8,1.8,1.7,1.7,1.7,1.7,1.6,1.7,3.7,3.6,3.6,3.6,3.7,3.7,3.4,4,4.1,4.1,4.2,4.2,4.2,4.2,3.9,4,3.9,4.3,3.5,3.9,3,2.9,2.9,2.9,2.9,2.9,2.7,3,3,3,3,3.1,3,3,2.8,2.9,2.8,3,2.5,2.8
No,Lesotho,Lesotho,0,0,100,0,0,100,0,0,0,0,0,0,0,0,0,19,C6,0,Southern Africa,Africa,LT,7. Least developed region,LSO,Lesotho,Africa,LS,Lesotho,Sub-Saharan Africa,Sovereign country,-29.6153,28.1644,16,15.4,15.9,17.9,18,17.2,22.1,22.4,30.7,30.8,30.7,34.9,40.7,44.2,46.3,45.9,41.9,35.8,34.6,34.6,73.9,70.4,74.6,79.1,82.2,82.7,95.6,108,133.8,148.1,152.7,156.9,172.9,188.2,195.2,191.5,180.1,164,158.4,146.9,42.6,40.4,42.6,45.7,47.1,46.7,55.4,61.3,77.8,84.6,86.9,91.1,102,111.4,116.2,114.5,107.1,96.3,93.1,87.5
No,Liberia,Liberia,0,25,75,60,40,0,0,0,0,5,15,0,0,0,0,0,C3,0.447503,Western Africa,Africa,LI,7. Least developed region,LBR,Liberia,Africa,LR,Liberia,Sub-Saharan Africa,Sovereign country,6.46912,-9.69921,6.7,6.5,6.6,6.7,7.3,6.9,7,7.3,7.3,6.9,6.9,7.1,6.9,6.8,6.9,6.3,6.2,6.2,5.9,5.5,11,10.4,10.2,9.9,9.8,9.8,10.1,10.3,10.1,10.4,10.6,10.8,10.7,10.4,10.1,9.2,9.1,9,9,9.4,8.8,8.4,8.4,8.3,8.5,8.3,8.5,8.7,8.6,8.6,8.7,8.8,8.7,8.5,8.5,7.7,7.6,7.6,7.4,7.4
No,Libya,Libya,45,55,0,100,0,0,0,7,13,0,0,0,0,0,0,0,C1,0.470595,Northern Africa,Africa,LY,6. Developing region,LBY,Libya,Africa,LY,Libya,Middle East & North Africa,Sovereign country,26.3341,17.2306,3.3,3.2,3.1,2.9,2.6,2.6,2.6,3.3,3.4,3.9,3.6,3.2,3.3,3.1,3.2,3.1,3,3.2,3.3,2.9,7.1,7.4,7.7,7.6,6.6,6.4,6.3,6.9,7.3,7.4,7.2,6.7,7.7,6.4,8.9,7.8,6.9,7.7,8.1,6.1,5.3,5.4,5.5,5.3,4.7,4.6,4.5,5.1,5.4,5.7,5.4,5,5.6,4.8,6.1,5.5,5,5.5,5.7,4.5
No,Lithuania,Lithuania,0,10,90,0,0,100,0,0,0,0,0,0,0,0,2,18,C8,0.377195,Northern Europe,Europe,LH,2. Developed region: nonG7,LTU,Lithuania,Europe,LT,Lithuania,Europe & Central Asia,Sovereign country,55.1691,24.1437,15.3,13,10.7,12.2,12.3,10.9,9.2,8.5,9.4,9.3,9.6,10.5,9,11,8.2,8.9,6.6,8.1,6.3,6.2,80.7,75.7,78,72.5,67.8,66.7,53.6,54.3,59,60.6,56.1,56.3,52.3,60.2,53.7,51.7,48.6,41.1,37.9,36.1,45.8,42.1,42.3,40.2,38.1,36.9,29.7,29.9,32.6,33.1,31.3,31.8,29.2,34,29.4,28.9,26.2,23.5,21.1,20.2
No,Luxembourg,Luxembourg,0,80,20,0,80,20,0,0,0,3,8,4,5,0,0,0,C4,0.208727,Western Europe,Europe,LU,2. Developed region: nonG7,LUX,Luxembourg,Europe,LU,Luxembourg,Europe & Central Asia,Sovereign country,49.807,6.06572,7.1,7,6.2,7.5,4.2,5,6,6.2,6.2,5.1,4.9,5.6,5.5,5.1,7.4,6.2,4.6,4.5,4.9,5.4,20.3,20.7,21,19,16.2,17.5,20.2,16.7,15.6,13,14.4,13.2,12.4,12.6,12.8,13,10.6,10.6,11.1,11.8,13.4,13.5,13.2,12.9,9.8,10.9,12.8,11.2,10.8,8.9,9.6,9.3,9,8.8,10.1,9.6,7.6,7.5,8,8.6
No,Madagascar,Madagascar,0,100,0,0,100,0,0,0,0,0,7,13,0,0,0,0,C4,0.157108,Eastern Africa,Africa,MA,7. Least developed region,MDG,Madagascar,Africa,MG,Madagascar,Sub-Saharan Africa,Sovereign country,-18.7304,46.7264,6.1,6,6.2,6.3,6.3,6.1,6.1,6,5.9,5.9,5.9,5.9,5.7,5.7,5.7,5.6,5.5,5.5,5.4,5.4,15.5,15.2,15.5,15.8,15.7,15.5,15.4,15.1,15,14.9,14.8,14.8,14.4,14.3,14.3,13.9,13.8,13.6,13.4,13.3,10.8,10.6,10.8,11,10.9,10.7,10.6,10.4,10.3,10.2,10.2,10.1,9.9,9.8,9.8,9.5,9.5,9.3,9.2,9.2
No,Malawi,Malawi,0,60,40,0,5,95,0,0,0,0,0,2,5,11,2,0,C2,0.48915,Eastern Africa,Africa,MI,7. Least developed region,MWI,Malawi,Africa,MW,Malawi,Sub-Saharan Africa,Sovereign country,-13.2754,33.7376,8.4,7.7,6.9,6.4,5.9,5.6,6.1,6.6,6.7,7,7,6,5.2,4.6,4.3,4.2,4,3.8,3.5,3.3,31.8,30,28.1,26.9,26.3,25.4,25.9,26.6,26.2,27.3,27.7,25.7,24.7,24,23.6,23.4,22.8,21.9,20.8,20,19.2,17.9,16.5,15.7,15,14.3,14.8,15.4,15.2,15.9,16,14.6,13.7,13,12.8,12.6,12.2,11.7,11,10.6
No,Malaysia,Malaysia,100,0,0,100,0,0,0,1,19,0,0,0,0,0,0,0,C1,0.348841,South-Eastern Asia,Asia,MY,6. Developing region,MYS,Malaysia,Asia,MY,Malaysia,East Asia & Pacific,Sovereign country,3.98735,102.09,3.1,2.9,2.9,2.9,2.8,2.8,2.7,2.6,2.6,2.6,2.5,2.5,2.5,2.4,2.4,2.4,2.4,2.4,2.4,2.4,9.1,8.7,8.6,8.9,8.7,8.5,8.2,7.9,8.1,8.2,7.9,7.9,7.8,7.3,7.7,7.9,8.2,8.6,8.7,9,6.1,5.8,5.8,5.9,5.8,5.7,5.5,5.3,5.4,5.5,5.3,5.2,5.2,4.9,5.1,5.2,5.4,5.6,5.6,5.8
No,Maldives,Maldives,100,0,0,100,0,0,11,7,2,0,0,0,0,0,0,0,C1,0.620676,Southern Asia,Asia,MV,6. Developing region,MDV,Maldives,Seven seas (open ocean),MV,Maldives,South Asia,Sovereign country,4.19929,73.5296,2.3,2.1,1.9,1.7,1.4,1.3,1.2,1.1,1.1,1.1,1,1,0.9,0.9,0.9,0.9,0.8,0.8,0.9,0.9,8.1,7.8,7.2,7.1,5.9,6,5.9,5.6,5.5,5.2,4.7,4.4,4.4,4.3,4.4,4.4,4.7,4.6,4.3,4.1,5.3,5.1,4.7,4.6,3.8,3.8,3.8,3.6,3.5,3.3,3.1,2.9,2.9,2.8,2.9,3,3.2,3.1,2.9,2.8
No,Mali,Mali,0,25,75,0,100,0,0,0,0,3,17,0,0,0,0,0,C3,0.461703,Western Africa,Africa,ML,7. Least developed region,MLI,Mali,Africa,ML,Mali,Sub-Saharan Africa,Sovereign country,17.9864,-0.775526,7.2,7.1,7,6.8,6.7,6.8,6.6,6.6,6.6,6.6,6.4,6.4,6.4,6.5,6.4,6.3,6.1,5.8,5.8,5.7,10.6,10.5,10.6,10.6,10.7,11,11,11.2,11.4,11.5,11.2,11.3,11.3,11.3,11.2,10.9,10.7,10.5,10.5,10.5,8.8,8.7,8.7,8.6,8.6,8.8,8.7,8.7,8.9,8.9,8.7,8.7,8.7,8.8,8.7,8.5,8.3,8,8,8
No,Malta,Malta,95,5,0,80,20,0,0,6,12,2,0,0,0,0,0,0,C1,0.22907,Southern Europe,Europe,MT,2. Developed region: nonG7,MLT,Malta,Europe,MT,Malta,Middle East & North Africa,Sovereign country,35.9046,14.4311,2.4,4,2.7,2.9,2.5,2.1,1.2,1.2,1.1,1.3,1.1,1.4,1.5,2.8,2.5,2.8,2.2,2,2.2,2.3,9.8,9,7.2,6.1,7.3,6.8,10.6,8,9.9,11,12,10,8.7,9.2,10.2,10.3,8,7.7,8.3,8.4,6,6.5,4.9,4.5,4.9,4.4,5.8,4.6,5.6,6.1,6.6,5.7,5.1,5.9,6.3,6.6,5.1,4.8,5.3,5.3
No,Mauritania,Mauritania,0,100,0,100,0,0,0,0,20,0,0,0,0,0,0,0,C1,0.341565,Western Africa,Africa,MR,7. Least developed region,MRT,Mauritania,Africa,MR,Mauritania,Sub-Saharan Africa,Sovereign country,20.9781,-11.4724,4.9,4.8,4.6,4.5,4.5,4.3,4.3,4.3,4.1,4.1,4.1,4,4,3.9,3.9,3.9,3.9,3.8,3.9,3.9,8.2,8,7.9,7.6,7.8,7.4,7.5,7.4,7.2,7.3,7.2,7,7.3,7.2,7.1,7.1,7.1,7.2,7.3,7.4,6.4,6.3,6.1,5.9,6,5.7,5.8,5.7,5.6,5.6,5.5,5.3,5.5,5.4,5.4,5.3,5.4,5.4,5.4,5.5
No,Mauritius,Mauritius,25,75,0,0,100,0,0,0,1,6,9,3,1,0,0,0,C3,0.23993,Eastern Africa,Africa,MP,6. Developing region,MUS,Mauritius,Seven seas (open ocean),MU,Mauritius,Sub-Saharan Africa,Sovereign country,-20.2912,57.58,4.9,6.2,4.7,4,3.8,4,4.1,5.2,1.9,3.5,3,3.8,4.5,2.8,3.9,3.8,2.6,4.3,4.2,2.5,18.4,13.7,17.6,11.4,12.5,13.4,14.2,15.1,11.1,13.8,12,13.6,14.1,12.8,15.8,11.3,12.8,14.9,12.2,15,11.5,9.8,11,7.6,8,8.7,9,10,6.4,8.6,7.4,8.6,9.2,7.8,9.9,7.5,7.6,9.6,8.2,8.8
No,Mexico,Mexico,100,0,0,100,0,0,0,12,8,0,0,0,0,0,0,0,C1,0.416601,Central America,Americas,MX,4. Emerging region: MIKT,MEX,Mexico,North America,MX,Mexico,Latin America & Caribbean,Sovereign country,23.6194,-102.248,1.1,1.4,1.3,1.4,1.4,1.4,1.3,1.6,1.7,1.8,1.7,2,1.9,2,2.3,2.3,2.1,2.1,2.2,2.2,6.9,7.2,7.2,7.4,7.4,7.6,7.4,7.3,7.7,8.1,8,9,8.3,8.9,9.5,9.2,9.4,9.9,8.8,8.7,3.9,4.2,4.2,4.3,4.3,4.4,4.3,4.3,4.6,4.8,4.7,5.4,5,5.3,5.7,5.6,5.6,5.9,5.4,5.3
No,Micronesia_Fed_Sts..,Micronesia_Fed_Sts..,0,0,100,0,0,100,0,0,0,0,0,0,0,0,0,20,C10,0.506039,nan,nan,nan,nan,nan,nan,nan,nan,nan,nan,nan,,,13,12.5,11.8,11.9,12.1,12.3,12.2,12,12,12.1,12.1,12.3,12.4,12.4,12.4,12.9,12.7,12.8,13.1,13.2,43.4,42.4,41.1,41,42.3,43.1,42.6,41.9,41.9,41.8,41.8,42.5,42.5,42.1,42.1,43.5,43.4,44.1,44.6,44.3,28,27.3,26.3,26.3,27.1,27.6,27.4,27,27,27,27,27.5,27.6,27.4,27.4,28.4,28.2,28.7,29.1,29
No,Moldova,Moldova,5,95,0,0,0,100,0,0,0,0,0,0,5,6,9,0,C2,0.202229,Eastern Europe,Europe,MD,6. Developing region,MDA,Moldova,Europe,MD,Moldova,Europe & Central Asia,Sovereign country,46.9989,28.8185,4.2,5.4,5.2,4.5,5.1,4.9,4.9,4.3,5.3,4.8,5,3.7,5.2,4.5,3.9,4.7,3.9,3.3,3,3.3,30.7,32.1,29.7,31.9,30,31,32.5,27.9,29.8,31,32,24,25.3,25.7,26.6,24,24,22.8,21.9,22.1,16.3,17.7,16.6,17.1,16.6,17.1,17.5,15.3,16.8,17.1,17.6,13.3,14.6,14.4,14.5,13.7,13.4,12.4,11.9,12.2
No,Mongolia,Mongolia,0,20,80,0,0,100,0,0,0,0,0,0,0,0,11,9,C9,0.291409,Eastern Asia,Asia,MG,6. Developing region,MNG,Mongolia,Asia,MN,Mongolia,East Asia & Pacific,Sovereign country,46.858,105.408,10.2,9.7,9.1,9.1,8.9,8.6,8.2,7.7,7.6,7.8,7.7,7.4,7.2,7,6.5,6.5,6.3,6,5.9,5.6,37.6,38.3,37.2,39.2,39.6,39.9,39.2,38.9,38.9,38.2,37.8,37,35.4,34.6,33.3,33.5,34,32.9,32.2,31.1,23.6,23.7,22.9,23.8,23.9,23.9,23.4,23,22.9,22.7,22.4,21.9,21,20.4,19.6,19.7,19.8,19.1,18.7,18
No,Montenegro,Montenegro,0,0,100,0,0,100,0,0,0,0,0,0,0,8,12,0,C2,0.284482,Southern Europe,Europe,MJ,6. Developing region,MNE,Montenegro,Europe,ME,Montenegro,Europe & Central Asia,Sovereign country,42.7094,19.2846,9.8,9.4,9.5,9.8,9.7,9.3,9.3,8.6,8.6,8.6,8.2,8.3,8.5,8.2,8.4,8.4,8.1,8.1,8.1,7.9,28.9,26.8,27,27.7,28.2,29.1,30,27.5,27,26.8,25.7,26.6,26.4,25.3,25.1,25.1,24.9,25.3,25.6,25.4,18.9,17.7,17.8,18.3,18.4,18.7,19.2,17.6,17.3,17.2,16.5,17,17.1,16.3,16.3,16.3,16.1,16.3,16.4,16.2
No,Morocco,Morocco,0,45,55,25,75,0,0,0,0,6,6,8,0,0,0,0,C3,0.324418,Northern Africa,Africa,MO,6. Developing region,MAR,Morocco,Africa,MA,Morocco,Middle East & North Africa,Sovereign country,28.6794,-9.90882,8,7.8,7.7,7.5,7.4,7.2,7.1,7,6.8,6.7,6.5,6.3,6.1,5.8,5.6,5.3,5.1,5,4.8,4.7,13.9,13.9,13.3,13.4,13.3,13.1,12.9,13,13,12.9,12.9,13,12.5,10.9,10.4,10.1,9.9,9.8,10,10.1,10.8,10.8,10.4,10.3,10.2,10.1,9.9,9.9,9.8,9.7,9.5,9.5,9.2,8.2,7.9,7.6,7.4,7.3,7.3,7.3
No,Mozambique,Mozambique,0,0,100,0,0,100,0,0,0,0,0,0,0,0,8,12,C10,0.349722,Eastern Africa,Africa,MZ,7. Least developed region,MOZ,Mozambique,Africa,MZ,Mozambique,Sub-Saharan Africa,Sovereign country,-18.6326,34.6755,8.8,8.6,8.4,8.3,8.3,8.3,8.2,8,8.8,9.7,10.2,10.6,11.1,10.6,9.3,9.1,8.7,8.6,8.8,8.9,36.2,36.3,36.7,37.1,37.8,38.6,39.3,39.9,42,44.6,45.8,46.6,47.5,47,45.6,44.4,43.5,42.9,42.8,42.6,20.9,20.8,20.8,20.9,21.1,21.4,21.6,21.8,23.1,24.6,25.3,25.9,26.5,26,24.7,24,23.4,23.1,23.2,23.2
No,Myanmar,Myanmar,100,0,0,100,0,0,5,14,1,0,0,0,0,0,0,0,C1,0.609611,South-Eastern Asia,Asia,BM,7. Least developed region,MMR,Myanmar,Asia,MM,Myanmar,East Asia & Pacific,Sovereign country,19.2523,95.9132,2.6,2.5,2.4,2.4,2.4,2.3,2.2,2.1,1.9,1.8,1.7,1.5,1.4,1.4,1.3,1.3,1.2,1.2,1.1,1.1,8.1,7.6,7.5,7.3,7.2,7,7,6.7,6.3,6.3,6.2,6.1,6,5.9,5.8,5.7,5.7,5.3,5.1,5.1,5.1,4.9,4.8,4.7,4.6,4.5,4.4,4.2,3.9,3.9,3.8,3.7,3.5,3.5,3.4,3.3,3.3,3.1,3,3
No,Namibia,Namibia,0,40,60,0,0,100,0,0,0,0,0,0,1,8,3,8,C9,0.453285,Southern Africa,Africa,WA,6. Developing region,NAM,Namibia,Africa,NA,Namibia,Sub-Saharan Africa,Sovereign country,-22.9623,17.2315,11.4,10.9,10.7,9.9,8.2,9.3,9.7,8.9,7,7,6.4,5.1,4.5,4.8,6.1,7,6.1,5.3,4.3,4.4,47.5,46.4,45.7,44.8,42.2,43.7,42.7,41.9,35.3,32.6,32.3,29.7,26.9,26.3,26.8,27.9,25.9,27.4,25.4,24.9,27.5,26.7,26.3,25.5,23.4,24.7,24.5,23.7,19.7,18.4,18,16.1,14.5,14.4,15.3,16.3,14.9,15.2,13.7,13.5
No,Nepal,Nepal,100,0,0,0,100,0,0,0,0,0,7,13,0,0,0,0,C4,0.320279,Southern Asia,Asia,NP,7. Least developed region,NPL,Nepal,Asia,NP,Nepal,South Asia,Sovereign country,28.3766,83.1031,2.8,2.6,2.8,2.8,2.7,2.9,2.8,2.9,3,3,3,3.1,3,3,3,3,3,3,3,2.9,19.4,18.6,17.9,17.5,17.4,17.5,17,17.4,17.8,18.4,18.6,19.2,19.2,18.9,18.6,18.7,18.4,18.3,18.4,18.6,10.9,10.4,10.1,10,9.8,10,9.7,10,10.2,10.5,10.5,10.7,10.6,10.3,9.9,9.8,9.7,9.6,9.7,9.8
No,Netherlands,Netherlands,0,95,5,5,95,0,0,0,0,9,11,0,0,0,0,0,C3,0.448852,Western Europe,Europe,NL,2. Developed region: nonG7,NLD,Netherlands,Europe,NL,Netherlands,Europe & Central Asia,Country,52.1079,5.5341,5.2,5.1,5.2,5,5,5.2,5,4.1,4.5,4.5,4.7,5.2,5.6,5.6,5.9,6,5.9,6,6.4,6.1,11.2,11.1,11.7,11.1,11.3,11.5,11.3,10,10.5,11.1,11.5,11.7,12.2,13.4,12.7,12.7,12.8,13.2,11.8,12.5,8.1,8,8.4,8,8.1,8.3,8.1,7.1,7.4,7.8,8.1,8.4,8.9,9.5,9.3,9.3,9.3,9.6,9.1,9.3
No,New_Zealand,New_Zealand,0,70,30,0,90,10,0,0,0,0,0,6,14,0,0,0,C4,0.434918,nan,nan,nan,nan,nan,nan,nan,nan,nan,nan,nan,,,4.4,6.5,6.1,7.1,5.7,6.1,6.6,5.5,6.1,5.1,6.8,5.3,6.5,6.8,5.3,6.2,6,6.3,5.6,5.4,20.8,20.9,18.7,19.1,19.2,19.2,19,18.2,18,17,17.5,16.9,18.4,16.6,16.1,16.4,17.2,18.2,15.9,15.4,12.4,13.5,12.2,13,12.2,12.5,12.6,11.7,11.9,10.9,12,11,12.3,11.6,10.6,11.1,11.5,12.1,10.7,10.3
No,Nicaragua,Nicaragua,90,10,0,85,15,0,0,7,12,1,0,0,0,0,0,0,C1,0.22865,Central America,Americas,NU,6. Developing region,NIC,Nicaragua,North America,NI,Nicaragua,Latin America & Caribbean,Sovereign country,12.8448,-85.559,3.6,3.3,2.8,3.1,2.7,2.1,2.1,2.4,2.7,2.9,2.4,2.9,2.5,2.4,2.2,2.2,1.7,2.1,2.2,1.9,9.3,9.5,9.3,10.7,10.8,10.7,8.9,8.7,9,8.5,8.9,9.5,7.5,9.8,8.2,7.1,7.8,7.7,8.3,7.8,6.3,6.2,5.9,6.7,6.4,6.1,5.3,5.4,5.6,5.5,5.4,5.9,4.9,5.9,5,4.5,4.6,4.7,5,4.7
No,Niger,Niger,0,0,100,0,100,0,0,0,0,0,4,16,0,0,0,0,C4,-0.00657306,Western Africa,Africa,NG,7. Least developed region,NER,Niger,Africa,NE,Niger,Sub-Saharan Africa,Sovereign country,18.0691,9.90298,6.7,6.8,6.7,6.8,6.6,6.7,6.6,6.7,6.6,6.6,6.6,6.6,6.7,6.7,6.7,6.6,6.5,6.4,6.4,6.4,12.6,13,12.9,13.5,13.3,13.8,13.8,14,13.9,14.1,14.4,14.5,14.7,14.9,14.9,14.5,14.2,14.1,14.1,14.1,9.5,9.8,9.7,10,9.8,10.1,10.1,10.2,10.1,10.2,10.4,10.4,10.6,10.7,10.7,10.4,10.2,10.2,10.1,10.1
No,Nigeria,Nigeria,0,100,0,5,95,0,0,0,0,7,13,0,0,0,0,0,C3,0.432312,Western Africa,Africa,NI,5. Emerging region: G20,NGA,Nigeria,Africa,NG,Nigeria,Sub-Saharan Africa,Sovereign country,9.06941,7.91932,5.1,5.2,5.2,5.2,5.2,5.2,5.1,5.1,5,4.8,4.7,4.5,4.4,4.3,4.1,4,3.9,3.9,3.8,3.8,13.7,13.9,13.6,13.5,13.6,13.5,13.5,13.7,13.7,13.4,13.2,13.1,12.5,12,11.3,10.9,10.7,10.4,10.3,10.1,9.2,9.3,9.2,9.2,9.3,9.2,9.2,9.2,9.1,9,8.8,8.7,8.3,8,7.6,7.3,7.2,7.1,7,6.9
No,North_Korea,North_Korea,0,10,90,0,100,0,0,0,0,0,18,2,0,0,0,0,C3,0.337422,nan,nan,nan,nan,nan,nan,nan,nan,nan,nan,nan,,,8.9,8.6,8.4,8.1,7.8,7.6,7.5,7.5,7.6,7.5,7.5,7.5,7.3,7.3,7.2,7.3,7.1,6.7,6.3,6.3,12.3,11.8,11.9,11.3,11.2,10.9,10.9,11,11.4,11.4,11.5,11.6,11.5,11.6,11.6,12.2,11.9,11.2,10.6,10.6,10.3,9.9,9.8,9.4,9.2,9,9,8.9,9.2,9.1,9.2,9.2,9.1,9.1,9.1,9.5,9.2,8.7,8.2,8.2
No,North_Macedonia,North_Macedonia,10,90,0,10,90,0,0,0,2,11,6,0,1,0,0,0,C3,0.435605,nan,nan,nan,nan,nan,nan,nan,nan,nan,nan,nan,,,4.9,4.1,4.9,4.4,5.5,4.1,4.1,4.2,4.2,3.8,3.2,2.8,4.9,3,3.6,3.6,3.6,3.5,3.5,3.5,12.5,19.8,13.3,12.3,13.4,11.6,13.3,12.1,12.2,12.7,8.6,9.2,11.8,13.2,11.5,11.3,11.2,11.1,11.1,11,8.7,11.9,9,8.3,9.4,7.7,8.5,8.1,7.9,8.1,5.8,5.9,8.2,8.1,7.4,7.3,7.3,7.2,7.2,7.2
No,Norway,Norway,0,35,65,0,100,0,0,0,0,0,0,15,5,0,0,0,C4,0.334799,Northern Europe,Europe,,2. Developed region: nonG7,NOR,Norway,Europe,NO,Norway,Europe & Central Asia,Sovereign country,79.8486,22.6903,6.1,6.6,6,5.9,7.6,7.4,6.4,6,6.5,6.5,6.6,6.7,5.7,6.8,5.5,7.1,7.3,6.6,6.4,6.3,19.9,19.8,16.2,16,15.9,15.5,16.9,15.1,14.7,16.3,15.1,16.9,14.2,13.7,14.5,13.9,14.7,14,13.7,13.4,13,13.2,11,11,11.7,11.4,11.6,10.6,10.6,11.4,10.9,11.8,9.9,10.3,10.1,10.6,11.1,10.4,10.1,9.9
No,Oman,Oman,100,0,0,100,0,0,0,8,10,2,0,0,0,0,0,0,C1,0.347433,Western Asia,Asia,MU,6. Developing region,OMN,Oman,Asia,OM,Oman,Middle East & North Africa,Sovereign country,20.8096,56.9593,2,1.9,1.9,1.8,1.8,1.7,1.8,1.6,1.5,1.5,1.6,1.5,1.4,1.3,1.3,1.3,1.2,1.2,1.1,1.1,10.1,10.1,9.5,9.8,9.3,9.3,9.7,9.8,9.4,8.8,8.8,7.9,6.9,6.9,6.7,6.8,6.5,6.5,6.3,6.4,6.7,6.7,6.3,6.4,6.1,6.2,6.5,6.5,6.3,6,6.1,5.5,4.9,4.8,4.7,4.7,4.5,4.5,4.4,4.5
No,Pakistan,Pakistan,0,100,0,0,100,0,0,0,0,0,2,18,0,0,0,0,C4,0.26399,Southern Asia,Asia,PK,5. Emerging region: G20,PAK,Pakistan,Asia,PK,Pakistan,South Asia,Sovereign country,30.3838,70.0966,5.7,5.8,5.9,5.9,5.9,5.7,5.7,5.6,5.4,5.2,5.2,5.1,5,5,5,4.9,4.9,4.9,4.8,4.8,16.1,16.2,16.3,16.3,16.2,15.9,16,15.6,15.4,15.1,14.9,14.7,14.7,14.7,14.7,14.8,14.9,14.8,14.6,14.6,11.1,11.2,11.3,11.3,11.2,11,11,10.7,10.5,10.3,10.2,10,10,10,10,10,10,10,9.8,9.8
No,Panama,Panama,100,0,0,80,20,0,4,6,10,0,0,0,0,0,0,0,C1,0.407488,Central America,Americas,PM,6. Developing region,PAN,Panama,North America,PA,Panama,Latin America & Caribbean,Sovereign country,8.42109,-81.4631,1.5,1.7,2.3,1.3,2,1.6,0.8,1.2,2,1.5,1.1,1.2,0.9,0.7,1.1,1.1,1,0.9,1,1,10.4,10.6,9.5,11.4,10.2,9.1,11.2,9.1,9.3,8.7,7.6,6.8,6.6,6.5,7.2,4.9,5.7,5.6,4.9,4.8,5.9,6.2,5.9,6.3,6.1,5.3,6,5.2,5.6,5.1,4.3,4,3.8,3.5,4.2,3,3.4,3.2,2.9,2.9
No,Papua_New_Guinea,Papua_New_Guinea,100,0,0,100,0,0,12,8,0,0,0,0,0,0,0,0,C1,0.647321,nan,nan,nan,nan,nan,nan,nan,nan,nan,nan,nan,,,1.4,1.6,1.6,1.6,1.7,1.7,1.7,1.8,1.7,1.7,1.8,1.7,1.8,1.9,2,2,2,1.9,1.9,1.9,4.4,4.6,4.5,4.6,4.7,4.7,4.7,4.9,4.9,4.7,4.9,4.9,5.1,5,5.3,5.3,5.3,5.1,5.1,5.2,2.8,3,3,3.1,3.2,3.2,3.2,3.3,3.3,3.2,3.3,3.3,3.5,3.4,3.6,3.7,3.6,3.5,3.5,3.6
No,Paraguay,Paraguay,70,30,0,100,0,0,0,13,7,0,0,0,0,0,0,0,C1,0.492502,South America,Americas,PA,5. Emerging region: G20,PRY,Paraguay,South America,PY,Paraguay,Latin America & Caribbean,Sovereign country,-23.438,-58.4732,2.5,2.5,3.1,2,2.9,3.3,2.8,2.4,2.4,2.5,2.2,2.7,3.1,2.7,3.8,3.2,2.9,3.4,3.2,3.3,4.8,4.6,4.4,5.5,6.5,6,6.4,6,5.5,7,5.4,6.7,6.3,7.4,8,8.4,8.3,8.8,8.9,9,3.6,3.5,3.8,3.7,4.6,4.6,4.6,4.2,3.9,4.7,3.8,4.7,4.7,5.1,6,5.9,5.6,6.1,6.1,6.2
No,Peru,Peru,100,0,0,100,0,0,16,4,0,0,0,0,0,0,0,0,C1,0.647492,South America,Americas,PE,5. Emerging region: G20,PER,Peru,South America,PE,Peru,Latin America & Caribbean,Sovereign country,-9.18663,-75.7662,2.4,2.1,2.1,2.1,1.9,1.8,1.8,1.6,1.6,1.9,2,1.9,1.8,1.7,1.6,1.5,1.4,1.4,1.4,1.4,4.6,4.3,4.4,4.5,4.4,4.2,4.1,4.1,4.2,5,5.4,5.1,5,4.8,4.5,4.2,4,4.1,4.1,4.1,3.4,3.2,3.2,3.2,3.1,3,2.9,2.8,2.9,3.4,3.6,3.5,3.3,3.2,3,2.8,2.7,2.7,2.7,2.7
No,Philippines,Philippines,100,0,0,100,0,0,19,1,0,0,0,0,0,0,0,0,C1,0.627368,South-Eastern Asia,Asia,RP,5. Emerging region: G20,PHL,Philippines,Asia,PH,Philippines,East Asia & Pacific,Sovereign country,7.7046,125.217,1.1,0.9,1.1,1.2,1.1,1.2,1.1,1.1,1.1,1.5,1.5,1.8,1.5,1.5,1.2,1.3,1.3,1.3,1.3,1.3,3.5,2.9,3.3,3.4,3.4,3.7,3.9,3.3,3.7,4.1,4.3,5.1,4.3,4.4,4.3,4.3,4.2,4.1,4,3.9,2.3,1.9,2.1,2.3,2.2,2.4,2.5,2.2,2.4,2.8,2.9,3.4,2.9,2.9,2.7,2.7,2.7,2.6,2.6,2.5
No,Poland,Poland,20,80,0,0,15,85,0,0,0,0,1,3,2,14,0,0,C2,0.359372,Eastern Europe,Europe,PL,2. Developed region: nonG7,POL,Poland,Europe,PL,Poland,Europe & Central Asia,Sovereign country,51.9217,19.1588,4.7,4,4.6,4.1,4.2,4.2,3.9,3.7,3.8,4.3,3.7,3.4,3.5,3.7,3.7,3.3,2.7,2.7,2.5,2.4,26.8,27.3,26.6,26.5,27.1,27,25.9,23.6,25.8,28.7,28,27.2,27.7,27,25.8,23.5,20.5,19.7,18.6,16.5,15.3,15.3,15.2,14.9,15.2,15.2,14.5,13.3,14.4,16.1,15.5,15,15.3,15.1,14.5,13.2,11.4,11.1,10.4,9.3
No,Portugal,Portugal,10,90,0,5,95,0,0,0,2,9,9,0,0,0,0,0,C3,0.391014,Southern Europe,Europe,PO,2. Developed region: nonG7,PRT,Portugal,Europe,PT,Portugal,Europe & Central Asia,Sovereign country,39.5477,-8.28768,2.1,2.8,3.8,3.8,3.4,3.5,3.4,4.3,3.8,3.7,4.2,3.4,3.2,3.6,4.4,4.8,3.2,3.9,3.8,3.5,9.5,11,15.7,14.4,12.3,13.1,13.3,13.2,14.3,14.5,14.4,13.3,14.8,13.2,14.9,12.5,12.2,12.4,11.7,11.6,5.5,6.5,9.3,8.7,7.5,7.9,7.9,8.3,8.6,8.7,8.8,7.9,8.5,8,9.2,8.3,7.4,7.9,7.5,7.2
No,Qatar,Qatar,100,0,0,100,0,0,0,6,6,8,0,0,0,0,0,0,C1,0.370376,Western Asia,Asia,QA,6. Developing region,QAT,Qatar,Asia,QA,Qatar,Middle East & North Africa,Sovereign country,25.3742,51.1384,2.6,2.5,2.5,2.2,2,2,2.3,2.6,2.3,2.2,2.1,2.1,2,1.8,1.8,1.8,1.8,1.7,1.7,1.7,10,10,9.7,9.1,8.7,8.1,7.6,8.7,8.3,8.2,7.9,7.6,7,6.4,6,5.8,5.8,5.6,5.6,5.7,7.6,7.6,7.4,6.9,6.6,6.3,6.1,7.2,6.8,6.7,6.4,6.2,5.8,5.3,5,4.9,4.8,4.6,4.6,4.7
No,Romania,Romania,60,40,0,0,95,5,0,0,0,4,4,10,2,0,0,0,C4,0.272594,Eastern Europe,Europe,RO,2. Developed region: nonG7,ROU,Romania,Europe,RO,Romania,Europe & Central Asia,Sovereign country,45.9636,24.2451,3.7,3.1,3.9,3.7,3.2,3.2,3.4,3.2,3.1,2.9,3.4,2.8,2.7,2.8,2.3,2.5,2.3,2.5,2.5,2.4,19.4,18.8,21.3,19.9,18.8,17.6,18.4,16.2,16.4,17.8,18.5,17.4,18.4,17.3,16,16,13.6,13.5,13.3,12.6,11.3,10.8,12.3,11.6,10.8,10.2,10.6,9.4,9.5,10,10.7,9.9,10.3,9.9,9,9.1,7.8,7.8,7.7,7.3
No,Russian_Federation,Russian_Federation,0,0,100,0,0,100,0,0,0,0,0,0,0,0,1,19,C8,0.451268,nan,nan,nan,nan,nan,nan,nan,nan,nan,nan,nan,,,13.4,13.1,13.1,12.9,12.5,12.5,11.4,10.9,10.7,10.4,10.3,9.8,9.4,9.1,9.1,9,8.7,8,7.8,7.2,88.8,85.5,83.6,82.4,79.7,78.9,70.5,65.1,63.5,59.5,59,55.4,53.1,52,52.5,49.5,47.7,43.3,41.4,38.2,48.9,47.1,46.1,45.4,43.9,43.6,39.1,36.3,35.4,33.3,33,31.1,29.8,29.1,29.4,27.9,26.9,24.4,23.4,21.6
No,Rwanda,Rwanda,0,45,55,0,60,40,0,0,0,0,4,5,3,4,2,2,C2,0.193999,Eastern Africa,Africa,RW,7. Least developed region,RWA,Rwanda,Africa,RW,Rwanda,Sub-Saharan Africa,Sovereign country,-1.97642,29.9799,14,12.8,11.8,10.5,9.2,8.8,8.6,8.2,7.7,7.1,6.7,6.3,6,5.7,5.6,5.5,5.3,5.2,5.1,5,38.8,34.7,31.1,27.4,24.3,22.3,21.1,20.2,19.1,18,17.2,16.4,16,15.5,15.5,15.2,15.1,15,14.9,14.8,25.6,22.9,20.7,18.4,16.2,15,14.3,13.7,12.9,12.1,11.5,10.9,10.6,10.1,10.1,9.9,9.7,9.6,9.5,9.5
No,Saint_Lucia,Saint_Lucia,100,0,0,0,100,0,0,0,0,18,2,0,0,0,0,0,C3,0.354273,nan,nan,nan,nan,nan,nan,nan,nan,nan,nan,nan,,,2.1,1.9,1.8,1.7,1.6,1.6,1.7,1.6,1.7,1.5,1.6,1.5,1.7,1.6,1.7,1.6,1.5,1.5,1.5,1.5,14.5,14.7,13.5,14.2,13.3,13.6,14.1,13.1,14.5,12.8,14,12.5,15,14.1,15.1,14.5,12.1,12.9,12.9,12.5,8.1,8.1,7.4,7.7,7.3,7.4,7.7,7.2,7.9,7,7.6,6.9,8.2,7.7,8.2,7.9,6.7,7.1,7.1,6.9
No,Saint_Vincent_and_Grenadines,St._Vincent_and_the_Grenadines,95,5,0,65,35,0,8,2,7,1,2,0,0,0,0,0,C1,0.273535,nan,nan,nan,nan,nan,nan,nan,nan,nan,nan,nan,,,0.5,1.3,1.5,1.3,1.4,2.4,1.6,1.1,0.5,0.6,0.5,1.9,3.9,1,0.5,0.9,0.8,0,0.7,0.7,12.6,11,13,12.2,10,17.5,10.7,15.3,8,4.7,5.2,8.7,6.6,6.4,2.2,5.7,0.6,0,1.4,1.3,6.5,5.9,7.1,6.4,5.8,9.8,6.2,8.3,4.3,2.7,2.9,5.4,5.3,3.7,1.4,3.3,0.7,0,1,1
No,Samoa,Samoa,0,0,100,0,5,95,0,0,0,0,0,0,1,19,0,0,C2,0.350396,Polynesia,Oceania,WS,7. Least developed region,WSM,Samoa,Oceania,WS,Samoa,East Asia & Pacific,Sovereign country,-13.6364,-172.427,7.8,7.9,7.7,7.6,7.4,7.5,7.5,7.6,7.7,7.1,7.8,7.9,7.9,7.7,8,8,8,7.8,7.9,7.8,24.1,23.9,23.4,23,22.3,22.5,22.5,22.1,21.7,18.7,21.4,21.3,21.2,20.2,21.4,21.5,21.6,21.2,21.2,20.9,16.3,16.2,15.8,15.6,15.1,15.3,15.3,15.1,14.9,13,14.8,14.8,14.8,14.1,14.9,14.9,15,14.8,14.8,14.6
No,Sao_Tome_and_Principe,Sao_Tome_and_Principe,100,0,0,100,0,0,20,0,0,0,0,0,0,0,0,0,C1,0.616217,nan,nan,nan,nan,nan,nan,nan,nan,nan,nan,nan,,,1.4,1.5,1.5,1.1,1.2,1.3,1.3,1.5,1.4,1.3,1.3,1.2,1.3,1.3,1.2,1.2,1.2,1.2,1.2,1.2,3.2,3.4,3.5,3.1,3.3,3.1,3.2,3.5,3.5,3.3,3.2,3.1,3.2,3.2,3.3,3.3,3.2,3.3,3.3,3.3,2.2,2.4,2.4,2,2.2,2.1,2.2,2.4,2.4,2.3,2.2,2.1,2.2,2.2,2.2,2.2,2.2,2.2,2.2,2.2
No,Saudi_Arabia,Saudi_Arabia,100,0,0,100,0,0,0,9,11,0,0,0,0,0,0,0,C1,0.464398,nan,nan,nan,nan,nan,nan,nan,nan,nan,nan,nan,,,1.4,1.4,1.4,1.4,1.3,1.4,1.5,1.6,1.7,1.9,2.1,2.5,2.6,2.5,2.4,2.3,2.2,2.1,2,1.9,5.7,5.7,5.8,5.9,5.8,6,6.3,6.7,7.1,7.6,8.1,8.8,9.1,9,9,8.5,8.5,8.2,8,7.8,3.8,3.9,3.9,4,3.9,4.1,4.3,4.6,4.9,5.2,5.7,6.2,6.4,6.3,6.3,6,5.9,5.7,5.6,5.4
No,Senegal,Senegal,0,70,30,0,40,60,0,0,0,0,0,3,14,3,0,0,C2,0.0253202,Western Africa,Africa,SG,7. Least developed region,SEN,Senegal,Africa,SN,Senegal,Sub-Saharan Africa,Sovereign country,14.4924,-14.6587,6.8,6.6,6.5,6.5,6.4,6.4,6.2,5.9,5.9,5.8,5.9,5.9,6,6,5.9,5.7,5.5,5.4,5.3,5.2,23.5,22.8,22.5,22.2,21.9,21.7,21.4,20.7,21,20.6,20.5,20,20.1,19.9,19.8,19.6,19.2,19,18.7,18.5,14.4,13.9,13.7,13.6,13.4,13.3,13,12.5,12.7,12.4,12.4,12.1,12.2,12.1,12,11.8,11.5,11.4,11.2,11
No,Serbia,Serbia,5,40,55,5,30,65,1,0,0,2,0,1,6,5,5,0,C2,0.167087,Southern Europe,Europe,RI,6. Developing region,SRB,Serbia,Europe,RS,Republic of Serbia,Europe & Central Asia,Sovereign country,44.2026,20.9973,10.1,8.9,8.6,8.3,8.2,8.4,7.7,7,7.3,7.2,5.6,6.5,6,6,5.5,5.6,5.2,0.4,3.9,3.9,29,27.9,28.4,27,26.6,24,23.2,22.6,21.4,23.2,20,20.6,21.4,20.8,19.3,18.4,16.5,0.3,12.2,12.2,18.9,17.8,17.8,17,16.7,15.6,15,14.4,14,14.8,12.4,13.2,13.3,13,12,11.7,10.6,0.3,7.9,7.9
No,Seychelles,Seychelles,100,0,0,0,100,0,0,0,0,14,6,0,0,0,0,0,C3,0.173486,Eastern Africa,Africa,SE,6. Developing region,SYC,Seychelles,Seven seas (open ocean),SC,Seychelles,Sub-Saharan Africa,Sovereign country,-9.39959,46.4392,1.7,1.7,1.6,1.6,1.7,1.7,1.7,1.6,1.6,1.5,1.5,1.4,1.5,1.4,1.4,1.4,1.4,1.4,1.4,1.3,18.4,18.1,16.7,17.2,17.6,15.8,15.1,13.9,14,13.3,13.4,13.4,13.2,13.1,13.5,13.8,13.8,14.3,14.2,14,9.8,9.6,8.8,9.1,9.3,8.4,8.1,7.6,7.7,7.3,7.4,7.5,7.3,7.3,7.5,7.7,7.6,7.9,7.9,7.7
No,Sierra_Leone,Sierra_Leone,0,0,100,0,100,0,0,0,0,0,0,13,7,0,0,0,C4,0.277563,nan,nan,nan,nan,nan,nan,nan,nan,nan,nan,nan,,,6.5,6.8,7,7.3,7.1,7.1,7.6,7.8,8,8.1,8.4,8.3,8.3,8,7.6,7.4,7.8,7.9,8.1,8.2,14.4,14.7,15,15.3,15.4,15.3,16.3,16.1,16.3,16.3,16.4,15.7,15.9,15.2,14.8,14.1,14.3,14.4,14.8,14.8,10.1,10.5,10.7,11,11,10.9,11.7,11.7,11.8,11.9,12.2,11.7,11.8,11.3,11,10.5,10.8,10.9,11.2,11.3
No,Singapore,Singapore,0,50,50,20,80,0,0,0,0,5,8,7,0,0,0,0,C3,0.32561,South-Eastern Asia,Asia,SN,6. Developing region,SGP,Singapore,Asia,SG,Singapore,East Asia & Pacific,Sovereign country,1.35432,103.825,7.8,7.7,8.9,8.2,7.5,6.5,7.2,7.1,5.8,5.4,5.7,5.6,6.7,5,4.5,5,5.2,5.1,5,6.4,15.2,13.6,13.8,14.2,13.5,13.9,12.5,11.8,12,12.6,10.8,10.1,11.6,12,11.8,10,9.3,9.5,10.4,12.7,11.4,10.6,11.3,11.1,10.3,10,9.9,9.4,8.8,9,8.2,7.9,9.2,8.5,8.2,7.6,7.3,7.3,7.8,9.7
No,Slovak_Republic,Slovak_Republic,70,30,0,0,55,45,0,0,0,0,5,7,8,0,0,0,C4,0.292088,nan,nan,nan,nan,nan,nan,nan,nan,nan,nan,nan,,,4.3,3.8,3.3,3.3,3.8,3.1,3.1,3.2,2.8,2.1,3.1,2.7,2.5,2.6,2.8,2.6,2.6,2.6,2.6,2.6,21.9,21.8,23.3,23.6,20.7,20.9,22.2,21.1,19,20,20.1,19,18.7,18,18.3,17.8,17.5,17.2,17,16.7,12.6,12.3,12.7,13,11.9,11.6,12.2,11.7,10.5,10.5,11.1,10.4,10.2,9.9,10,9.8,9.7,9.6,9.4,9.3
No,Slovenia,Slovenia,0,55,45,0,0,100,0,0,0,0,0,0,1,10,5,4,C9,0.215618,Southern Europe,Europe,SI,2. Developed region: nonG7,SVN,Slovenia,Europe,SI,Slovenia,Europe & Central Asia,Sovereign country,46.1502,14.6159,12.6,9.5,8.6,8.9,11.5,8.2,8.4,7.5,6.2,6.4,5.1,6,5.4,5.5,4.3,5.9,5.1,5.3,5.5,5.5,40.4,41.5,38.7,38.7,33.8,34.2,34.9,27.4,25.8,27.5,26.7,25.8,27.1,27.2,24.7,24.2,23.6,23.7,20.4,22.7,25.6,24.6,22.9,23.1,22.3,20.6,21,17,15.6,16.8,15.6,15.5,15.9,16.2,14.4,14.8,14.3,14.3,12.8,14
No,Solomon_Islands,Solomon_Islands,100,0,0,0,0,100,0,0,0,0,0,0,0,1,19,0,C9,0.208101,nan,nan,nan,nan,nan,nan,nan,nan,nan,nan,nan,,,2.1,2,2.1,2.2,1.8,2.1,2.1,2.4,2.7,2.7,2.6,2.6,2.6,2.6,2.6,2.5,2.5,2.5,2.4,2.4,32,31.5,31.8,32.5,30.7,31.2,31.3,33.5,34.7,34.7,34.5,34.5,34.2,33.8,33.6,33.3,33.1,33.1,32.9,32.2,17.4,17.1,17.2,17.6,16.5,16.8,16.8,18.1,18.7,18.7,18.6,18.5,18.4,18.2,18.1,17.9,17.8,17.8,17.7,17.4
No,Somalia,Somalia,0,0,100,0,0,100,0,0,0,0,0,0,0,15,5,0,C2,0.514771,Eastern Africa,Africa,SO,7. Least developed region,SOM,Somalia,Africa,SO,Somalia,Sub-Saharan Africa,Sovereign country,5.1028,46.7395,7.9,7.5,7.6,7.8,7.9,7.9,7.6,7.5,7.6,7.5,7.3,7.3,7.3,7.4,7.4,7.3,7.2,7.2,7.2,7.1,26,25.8,25.8,25.8,26,25.6,25,24.5,24.8,24.8,23.9,23.7,23.7,23.5,23.4,23.2,22.9,23,23,22.8,16.8,16.5,16.6,16.6,16.8,16.6,16.2,15.9,16,16,15.4,15.3,15.3,15.2,15.2,15,14.8,14.9,14.8,14.7
No,South_Africa,South_Africa,0,0,100,0,0,100,0,0,0,0,0,0,0,0,0,20,C10,0.443214,nan,nan,nan,nan,nan,nan,nan,nan,nan,nan,nan,,,11.6,11.9,13,13.6,13.3,12.7,12,12.6,13.9,13.9,13.1,11.7,10.8,10.3,10.3,10.4,10.5,10.3,9.8,9.8,42.7,43.2,44.3,45,43.8,43.4,42.3,43.4,46.2,45.8,41.9,38.2,39.5,40.9,41.1,41.6,41,42.2,39.8,37.9,26.6,26.9,28,28.7,27.9,27.5,26.5,27.4,29.4,29.2,26.9,24.4,24.6,25.1,25.3,25.6,25.3,25.8,24.4,23.5
No,South_Korea,South_Korea,0,0,100,0,0,100,0,0,0,0,0,0,0,2,9,9,C10,-0.051372,nan,nan,nan,nan,nan,nan,nan,nan,nan,nan,nan,,,8.2,8.6,10.6,13.2,13.8,15.3,13,16.5,17,20.2,18.6,17.4,15.1,14.4,13.2,12.5,12.2,11.2,12.4,13.4,20.4,22,26.2,33.2,34.1,34.5,30.2,31.8,33.4,39.1,39.2,40.1,34.2,34.6,32.6,31,29.7,28.3,31,29.7,13.9,14.8,17.8,22.3,23.1,24,20.8,23.2,24.4,28.8,28,27.9,24,23.8,22.4,21.2,20.5,19.3,21.3,21.2
No,South_Sudan,South_Sudan,0,100,0,35,65,0,0,0,5,15,0,0,0,0,0,0,C3,0.38616,nan,nan,nan,nan,nan,nan,nan,nan,nan,nan,nan,,,3.9,3.7,3.6,3.7,3.7,3.6,3.6,3.6,3.5,3.5,3.5,3.4,3.4,3.3,3.3,3.3,3.3,3.3,3.3,3.4,12.4,11.7,11.4,11.3,11.2,11,11,10.8,10.6,10.3,10.2,10.2,10.4,10,9.5,9.8,10,9.9,10.3,10.4,7.9,7.4,7.3,7.3,7.2,7.1,7.1,7,6.9,6.7,6.6,6.6,6.7,6.5,6.2,6.4,6.5,6.4,6.7,6.7
No,Spain,Spain,95,5,0,95,5,0,0,0,19,1,0,0,0,0,0,0,C1,0.150107,Southern Europe,Europe,SP,2. Developed region: nonG7,ESP,Spain,Europe,ES,Spain,Europe & Central Asia,Sovereign country,39.8819,-3.48933,3,2.8,3,3,3.1,2.8,2.5,2.7,2.6,2.5,2.2,2.4,2.6,3.1,3.2,2.9,2.8,3,2.9,2.8,10.5,9.7,10,10.1,10,9.3,8.9,8.4,9.2,9,8.1,8,8.9,9.5,9.5,8.5,8.4,8.7,8.1,7.9,6.6,6.1,6.3,6.4,6.4,6,5.6,5.4,5.8,5.6,5.1,5.1,5.6,6.2,6.2,5.6,5.5,5.8,5.4,5.3
No,Sri_Lanka,Sri_Lanka,0,15,85,0,0,100,0,0,0,0,0,0,3,5,10,2,C9,0.243472,nan,nan,nan,nan,nan,nan,nan,nan,nan,nan,nan,,,14,10,9.6,10,9.6,18.4,7.9,8.7,8,8.7,11.5,7.5,7.1,6.7,5.1,6.7,6.6,6.4,6.3,6.1,41.5,35.4,34,33.2,35.5,39.9,29.9,32.6,28,38,33.6,29.5,26.9,24.5,21.5,24,23.1,22.2,21.5,20.9,27.4,22.4,21.5,21.2,22.1,28.6,18.4,20.1,17.5,22.7,21.9,17.8,16.4,15,12.7,14.7,14.2,13.7,13.2,12.9
No,Sudan,Sudan,0,100,0,100,0,0,0,6,14,0,0,0,0,0,0,0,C1,0.495668,Northern Africa,Africa,SU,6. Developing region,SDN,Sudan,Africa,SD,Sudan,Sub-Saharan Africa,Sovereign country,15.4635,29.7732,4,3.8,3.8,3.7,3.6,3.8,3.7,3.6,3.5,3.5,3.5,3.6,3.4,3.4,3.4,3.3,3.3,3.3,3.3,3.3,7.2,7.1,7.2,7.1,7,7.1,7,6.9,6.9,7,6.9,7.1,6.8,6.9,6.7,6.6,6.4,6.4,6.4,6.3,5.6,5.4,5.5,5.4,5.3,5.4,5.3,5.2,5.2,5.2,5.2,5.3,5.1,5.1,5,4.9,4.8,4.8,4.8,4.8
No,Suriname,Suriname,0,0,100,0,0,100,0,0,0,0,0,0,0,0,0,20,C10,0.48847,South America,Americas,NS,6. Developing region,SUR,Suriname,South America,SR,Suriname,Latin America & Caribbean,Sovereign country,3.93617,-56.1276,11.8,12.6,12.2,11.8,11.7,11.7,11.8,11.9,12.1,12.1,12.1,11.6,11.6,11.8,11.7,11.8,11.8,11.7,11.9,11.8,38.8,43.2,43.9,43.7,42.4,43.2,43.7,43,42.2,41.9,43.7,41.4,43,42.3,41.2,41.1,40.3,40.3,41.8,41.3,25,27.5,27.7,27.4,26.6,27,27.3,27,26.7,26.5,27.4,26,26.8,26.5,25.9,25.9,25.5,25.4,26.2,25.9
No,Sweden,Sweden,0,0,100,0,100,0,0,0,0,0,0,0,20,0,0,0,C4,0.41319,Northern Europe,Europe,SW,2. Developed region: nonG7,SWE,Sweden,Europe,SE,Sweden,Europe & Central Asia,Sovereign country,62.1827,14.9052,7.5,7.5,6.8,7.3,6.5,8.2,8.1,7.1,7.2,7.7,6.8,7.2,7.4,8.1,7.9,7.8,7.5,7.8,8.1,7.7,17.1,18.1,18.5,16.2,17.4,17.3,16.2,16.8,17.6,18.5,17.2,16.8,17.1,17.9,16.6,18.3,16.7,17.2,17.3,16.9,12.2,12.8,12.6,11.7,11.9,12.7,12.1,11.9,12.4,13.1,12,12,12.3,13,12.3,13,12.2,12.5,12.7,12.4
No,Switzerland,Switzerland,0,50,50,0,80,20,0,0,0,0,2,8,3,7,0,0,C2,-0.307148,Western Europe,Europe,SZ,2. Developed region: nonG7,CHE,Switzerland,Europe,CH,Switzerland,Europe & Central Asia,Sovereign country,46.8119,8.427,8.6,8.5,9.7,8.5,8.6,8.5,9.1,8.7,8.8,6.6,6.2,5.8,6,6.1,6,6,5.5,5.9,5.7,5.7,23.7,22.2,22.9,19.6,19.2,20.2,19.1,19.7,18.5,18,15.1,15.5,15.2,15.6,14.2,15.2,14.2,15,14.2,14.2,15.9,15,16,13.8,13.6,14.1,13.9,14,13.5,12.1,10.5,10.5,10.5,10.7,10,10.5,9.8,10.4,9.9,9.8
No,Syrian_Arab_Republic,Syrian_Arab_Republic,100,0,0,100,0,0,20,0,0,0,0,0,0,0,0,0,C1,0.598511,nan,nan,nan,nan,nan,nan,nan,nan,nan,nan,nan,,,0.9,0.8,0.8,0.7,0.7,0.7,0.7,0.7,0.7,0.7,0.7,0.7,0.7,0.8,0.8,0.8,0.7,0.8,0.8,0.8,3.2,3,3,2.9,2.9,2.9,2.8,2.9,3,2.9,2.9,2.9,3.1,3.2,3.3,3.2,3,3.2,3.5,3.5,2,1.9,1.9,1.8,1.8,1.8,1.8,1.8,1.8,1.8,1.8,1.8,1.9,2,2.1,2,1.8,2,2.1,2.1
No,Tajikistan,Tajikistan,60,40,0,100,0,0,0,11,9,0,0,0,0,0,0,0,C1,0.520694,Central Asia,Asia,TI,6. Developing region,TJK,Tajikistan,Asia,TJ,Tajikistan,Europe & Central Asia,Sovereign country,38.8591,70.9305,2.9,2.9,2.7,2.7,2.7,2.8,2.7,2.8,2.8,2.9,3,3.1,3.2,3.2,3.3,3.4,3.6,3.5,3.4,3.4,7.3,6.8,6.6,6.5,6.4,6.7,6.8,6.9,7,7,7,7.1,7.1,7,7,7.1,7.2,7.1,7.2,7.4,5.1,4.8,4.6,4.6,4.6,4.7,4.7,4.8,4.9,4.9,5,5.1,5.1,5,5.1,5.2,5.4,5.3,5.3,5.3
No,Tanzania,Tanzania,0,85,15,0,85,15,0,0,0,1,9,6,2,2,0,0,C4,0.30708,Eastern Africa,Africa,TZ,7. Least developed region,TZA,Tanzania,Africa,TZ,United Republic of Tanzania,Sub-Saharan Africa,Sovereign country,-6.39271,34.2394,8.1,7.4,6.7,6.2,5.7,5.3,5.3,5.6,6.2,5.8,5.2,5.3,4.5,4.2,4,3.9,4,3.9,3.7,3.7,24.5,22.4,20.3,18.9,17.3,16.6,16.5,16.5,17.1,16.6,15.6,14.5,13.4,14.2,13.6,13.6,13.7,13.4,13.3,13.5,15.6,14.2,12.8,11.9,10.9,10.3,10.3,10.4,11,10.6,9.8,9.3,8.5,8.6,8.3,8.2,8.3,8.2,8,8.2
No,Thailand,Thailand,45,50,5,0,100,0,0,0,0,13,2,4,1,0,0,0,C3,0.364083,South-Eastern Asia,Asia,TH,5. Emerging region: G20,THA,Thailand,Asia,TH,Thailand,East Asia & Pacific,Sovereign country,13.0205,101.697,7.1,6,5.7,5.2,4.5,3.9,3.8,3.6,3.4,3.3,3.2,3,2.9,2.7,2.6,2.5,2.5,2.4,2.4,2.3,16.4,15.2,15.4,15.4,15.5,13.4,13,12.1,11.7,11.5,11.7,11.6,11.5,10.8,11.4,12.1,13,12.8,13.6,13.9,11.6,10.5,10.4,10.2,9.9,8.5,8.3,7.7,7.4,7.3,7.3,7.2,7,6.6,6.9,7.2,7.6,7.5,7.9,8
No,Timor_Leste,Timor_Leste,80,20,0,100,0,0,0,20,0,0,0,0,0,0,0,0,C1,0.600877,nan,nan,nan,nan,nan,nan,nan,nan,nan,nan,nan,,,3.3,3.5,3.2,3.2,2.8,2.8,2.4,2.3,2.1,2.8,2.5,2.6,2.5,2.4,2.4,2.4,2.4,2.3,2.4,2.4,6.5,6.4,6.1,6.4,6,5.9,5.4,5.1,4.8,6.1,5.9,6.1,6.1,6.1,6.2,6.4,6.5,6.5,6.6,6.7,4.9,4.9,4.6,4.7,4.4,4.3,3.9,3.7,3.4,4.4,4.2,4.3,4.3,4.2,4.2,4.4,4.5,4.4,4.5,4.5
No,Togo,Togo,0,0,100,0,0,100,0,0,0,0,0,0,0,4,16,0,C2,0.109201,Western Africa,Africa,TO,7. Least developed region,TGO,Togo,Africa,TG,Togo,Sub-Saharan Africa,Sovereign country,8.66582,1.00758,8.6,8.8,9,9.1,9.2,9.1,9.4,9.2,8.9,8.6,8.5,8.5,8.3,8.1,7.9,7.7,7.2,6.7,6.5,6.5,27,27.7,28.2,29.1,29.3,29.5,30.1,30,30,29.4,29,28.8,28.7,28.5,27.9,26.7,25.6,25,24.1,24,17.3,17.7,18.1,18.6,18.7,18.8,19.2,19,18.9,18.5,18.2,18.1,18,17.8,17.4,16.7,16,15.4,14.9,14.8
No,Tonga,Tonga,10,90,0,100,0,0,0,10,10,0,0,0,0,0,0,0,C1,0.524423,Polynesia,Oceania,TN,6. Developing region,TON,Tonga,Oceania,TO,Tonga,East Asia & Pacific,Sovereign country,-21.1634,-175.283,3.6,3.6,3.4,3.4,3.3,3.2,3.2,3.2,3.2,3.2,3.5,3.4,3.4,3.4,3.5,3.4,3.2,3.2,3.1,2.9,6.7,6.7,6.7,6.9,6.8,6.5,6.4,6.5,6.3,7,7.3,7.1,7.2,7.2,7.4,7.3,6.4,6.4,6.1,5.9,5.1,5.1,5,5.1,5,4.8,4.7,4.8,4.7,5.1,5.3,5.2,5.3,5.3,5.4,5.3,4.8,4.8,4.6,4.4
No,Trinidad_and_Tobago,Trinidad_and_Tobago,0,95,5,0,70,30,0,0,0,0,8,5,4,3,0,0,C4,0.349148,nan,nan,nan,nan,nan,nan,nan,nan,nan,nan,nan,,,6.3,6.4,5.3,4.9,4.5,4.6,4.2,3.7,4.6,4,4.5,3.9,4.7,4.5,4.3,4.3,4.2,4.1,3.8,3.7,26.4,26.1,24.7,21.3,21,19.8,17.4,17.6,21.2,17.1,16.9,14.7,13.2,16.1,15.6,15,14.5,14,13.4,13.1,16.2,16.1,14.9,12.9,12.6,12,10.7,10.5,12.8,10.4,10.6,9.2,8.9,10.1,9.8,9.5,9.2,9,8.5,8.3
No,Tunisia,Tunisia,100,0,0,100,0,0,9,11,0,0,0,0,0,0,0,0,C1,0.648199,Northern Africa,Africa,TS,6. Developing region,TUN,Tunisia,Africa,TN,Tunisia,Middle East & North Africa,Sovereign country,33.7716,8.881,2.6,2.6,2.6,2.6,2.5,2.4,2.4,2.3,2.2,2.2,2.1,2,2,2,1.9,1.9,1.8,1.8,1.8,1.8,5.2,5.2,5.2,5.2,5.1,5,5,4.9,4.8,4.8,4.7,4.6,4.6,4.5,4.4,4.3,4.2,4.3,4.4,4.6,3.9,3.9,3.9,3.9,3.8,3.7,3.7,3.6,3.5,3.4,3.4,3.3,3.2,3.2,3.1,3,3,3,3.1,3.2
No,Turkey,Turkey,100,0,0,100,0,0,17,3,0,0,0,0,0,0,0,0,C1,0.631077,Western Asia,Asia,TU,4. Emerging region: MIKT,TUR,Turkey,Asia,TR,Turkey,Europe & Central Asia,Sovereign country,38.9574,35.4809,1.9,1.8,1.7,1.6,1.6,1.5,1.5,1.4,1.3,1.3,1.3,1.2,1.2,1.2,1.3,1.3,1.3,1.2,1.2,1.2,6.7,6.2,5.4,5.2,4.9,4.6,4.3,4,3.8,3.7,3.7,3.5,3.4,3.5,3.5,3.4,3.4,3.4,3.4,3.6,4.2,3.9,3.4,3.3,3.2,3,2.8,2.6,2.5,2.5,2.5,2.3,2.2,2.3,2.3,2.3,2.3,2.3,2.3,2.3
No,Turkmenistan,Turkmenistan,15,85,0,25,35,40,0,0,3,6,2,0,2,7,0,0,C4,0.205695,Central Asia,Asia,TX,6. Developing region,TKM,Turkmenistan,Asia,TM,Turkmenistan,Europe & Central Asia,Sovereign country,38.9602,59.0241,4.6,5,5.5,5.1,5.6,5.7,5.9,5.3,4.8,4.3,4,4,3.7,3.9,3.5,3.4,3.2,3,2.9,2.9,23.7,25.1,25.5,26.1,25.4,26.6,25.6,22.5,19,15.2,13.7,12,11.2,11.2,11,10,10.2,9.6,9.4,9.4,13.8,14.7,15.2,15.3,15.2,15.8,15.5,13.6,11.7,9.6,8.7,7.8,7.4,7.4,7.1,6.6,6.6,6.2,6.1,6.1
No,Uganda,Uganda,0,60,40,0,15,85,0,0,0,0,0,6,2,4,8,0,C9,0.0472422,Eastern Africa,Africa,UG,7. Least developed region,UGA,Uganda,Africa,UG,Uganda,Sub-Saharan Africa,Sovereign country,1.33054,32.6722,8.6,8.3,8,7.8,7.9,8.3,8.1,6.7,5.8,5.7,5.3,5.2,4.3,3.9,3.8,3.9,4,3.6,3.5,3.7,38.6,37.7,36.8,36.8,37.1,37.4,35.9,32.2,29.8,28.6,27.2,26.9,25.1,23.6,21.6,20.7,20.5,19.3,19.2,19.4,21.7,21.1,20.5,20.4,20.5,20.8,20.1,17.7,16.1,15.5,14.6,14.5,13.2,12.4,11.4,11,11.1,10.3,10.3,10.4
No,Ukraine,Ukraine,0,55,45,0,0,100,0,0,0,0,0,0,0,0,11,9,C9,0.0874084,Eastern Europe,Europe,UP,6. Developing region,UKR,Ukraine,Europe,UA,Ukraine,Europe & Central Asia,Sovereign country,48.792,31.0623,8.5,7.8,7.6,7.3,7,7,6.5,6.5,6.5,5.7,5.5,5.1,5.1,5.2,5.3,4.9,4.7,4.5,4.6,4.7,62.7,58.5,57.3,54.2,53.1,53,47.8,49.3,48.3,40.5,37.3,35.1,35.2,34.4,37.6,33,32.4,31.3,33.3,32.7,33.5,31.2,30.5,29,28.4,28.3,25.6,26.4,25.9,21.8,20.2,18.9,19,18.7,20.4,17.9,17.6,16.9,18,17.7
No,United_Arab_Emirates,United_Arab_Emirates,50,50,0,100,0,0,0,3,7,10,0,0,0,0,0,0,C1,0.31806,nan,nan,nan,nan,nan,nan,nan,nan,nan,nan,nan,,,4.7,4.6,4.2,4,3.8,3.7,3.6,3.4,3.3,3.2,3.1,3.1,3,3,2.8,2.7,2.6,2.6,2.6,2.6,9.3,9.2,8.6,7.9,7.9,7.9,8.1,7.9,7.8,7.6,7.5,7.3,7.2,7,6.7,6.3,5.9,5.7,6,6.3,8,7.9,7.4,6.8,6.8,6.8,6.9,6.8,6.7,6.6,6.4,6.3,6.1,5.9,5.6,5.3,5,4.8,5,5.2
No,United_Kingdom,United_Kingdom,20,80,0,0,100,0,0,0,0,20,0,0,0,0,0,0,C3,0.480973,nan,nan,nan,nan,nan,nan,nan,nan,nan,nan,nan,,,3.6,3.2,3.4,3.3,3.5,3.4,3.1,2.9,3.2,3.1,3.2,3.4,3.1,3.2,3.5,3.7,3.5,3.5,3.4,3.4,12,11.9,11.7,10.9,11.1,10.6,10.8,10.6,11.4,11.3,10.8,11.6,11.8,12.4,11.9,12,11.8,11.1,10.8,10.4,7.7,7.5,7.5,7,7.2,6.9,6.9,6.7,7.3,7.2,7,7.4,7.4,7.7,7.6,7.8,7.6,7.2,7.1,6.9
No,United_States,United_States,0,85,15,0,80,20,0,0,0,0,0,10,6,4,0,0,C4,0.345271,nan,nan,nan,nan,nan,nan,nan,nan,nan,nan,nan,,,4,4.1,4.3,4.4,4.7,4.6,4.7,4.9,5,5,5.2,5.4,5.4,5.5,5.8,6.1,6.3,6.5,6.6,6.8,16.4,16.9,17.3,17.1,17.2,17.1,17.5,17.7,18.1,18.1,18.5,18.9,18.9,18.8,19.2,19.9,21.2,22.5,21.8,22.4,10,10.3,10.6,10.6,10.8,10.7,11,11.2,11.4,11.4,11.7,12,12.1,12,12.4,12.9,13.7,14.4,14.1,14.5
No,Uruguay,Uruguay,0,40,60,0,0,100,0,0,0,0,0,0,4,10,6,0,C2,0.315548,South America,Americas,UY,5. Emerging region: G20,URY,Uruguay,South America,UY,Uruguay,Latin America & Caribbean,Sovereign country,-32.5362,-55.8114,5.1,5.9,7.4,6.6,5.8,6,6.9,7.2,5.6,5.3,6.4,6.5,6.3,6.2,7,6.7,8.3,7.5,7.4,7.7,25.7,21.8,30.1,23.2,23.3,21.8,21.9,25.6,22.5,22.7,23.3,24.7,27.1,23.1,25.5,27.7,30.3,30.8,31.5,31.1,14.5,13.2,17.9,14.2,13.9,13.3,13.8,15.8,13.5,13.4,14.3,15,16.1,14.2,15.8,16.7,18.7,18.5,18.8,18.8
No,Uzbekistan,Uzbekistan,0,100,0,0,100,0,0,0,0,0,15,3,2,0,0,0,C4,-0.00112918,Central Asia,Asia,UZ,6. Developing region,UZB,Uzbekistan,Asia,UZ,Uzbekistan,Europe & Central Asia,Sovereign country,41.3702,63.3913,4.8,4.9,4.9,4.7,4.5,4.6,4.5,4.4,4.3,4.2,4.3,4.6,5.1,5.1,5.2,5.4,5.5,5.3,5.2,4.9,19.6,18.9,18,16.4,15.5,16.2,15,14.4,13.7,12.5,12.6,12.8,13.1,13,13.2,13.2,13.1,12.8,12.5,11.8,12,11.7,11.3,10.4,9.8,10.2,9.6,9.3,8.9,8.2,8.3,8.6,9,8.9,9,9.2,9.2,8.9,8.7,8.3
No,Vanuatu,Vanuatu,0,0,100,0,0,100,0,0,0,0,0,0,0,0,17,3,C9,0.267683,Melanesia,Oceania,NH,7. Least developed region,VUT,Vanuatu,Oceania,VU,Vanuatu,East Asia & Pacific,Sovereign country,-17.6702,168.353,10.1,9.9,9.9,9.7,9.3,8.9,9.5,9.3,9.1,9.7,9.5,9.2,9.3,9.3,8.9,9,8.8,8.8,8.9,9,36,35.4,35.5,35,34.3,33.7,34.6,34.4,34.2,35.2,34.8,34.3,34.6,34.3,33.5,33.5,33.3,33.5,33.5,33.1,23.2,22.8,22.8,22.5,21.9,21.4,22.2,22,21.7,22.5,22.1,21.8,21.9,21.8,21.1,21.2,21,21.1,21.1,21
No,Venezuaela,Venezuela_RB,100,0,0,85,15,0,7,8,5,0,0,0,0,0,0,0,C1,0.503321,nan,nan,nan,nan,nan,nan,nan,nan,nan,nan,nan,,,1.7,1.8,1.9,1.8,1.6,1.5,1.3,1.3,1.1,1.1,1.1,0.9,1,0.8,0.7,0.8,0.8,0.8,0.7,0.7,11.3,11.5,10.7,9.7,8.7,8.3,7.5,7,6.5,5.9,6.3,6.9,6,4.5,4,4.1,3.9,3.9,3.9,3.7,6.4,6.5,6.2,5.6,5.1,4.8,4.3,4,3.7,3.4,3.6,3.8,3.4,2.6,2.3,2.4,2.3,2.2,2.2,2.1
No,VietNam,VietNam,0,100,0,35,65,0,0,0,0,20,0,0,0,0,0,0,C3,0.414697,nan,nan,nan,nan,nan,nan,nan,nan,nan,nan,nan,,,5.2,5,4.9,4.8,4.7,4.6,4.5,4.5,4.4,4.3,4.2,4.2,4.2,4.2,4.3,4.2,4.2,4.2,4.2,4.2,9.4,9.5,9.3,9.4,9.6,9.6,9.9,10.3,10.6,10.7,10.7,10.9,11.1,11.1,11.3,11.3,11.2,11.1,10.8,10.6,7.2,7.1,7,7,7,6.9,7,7.2,7.4,7.3,7.3,7.4,7.5,7.5,7.6,7.6,7.6,7.5,7.4,7.2
No,Yemen_Rep.,Yemen_Rep.,0,90,10,90,10,0,0,0,0,17,3,0,0,0,0,0,C3,0.368876,nan,nan,nan,nan,nan,nan,nan,nan,nan,nan,nan,,,6.5,6.5,6.2,6.1,6.2,6,5.9,5.8,5.9,5.8,5.5,5.4,5.5,5.4,5.2,5,5.1,5.1,5.3,5.3,10.5,10.4,10.2,10.1,10.2,10,9.8,9.8,9.8,9.6,9.3,9.1,9.1,9,9,8.7,9,8.7,9,9,8.5,8.4,8.2,8.1,8.1,8,7.8,7.7,7.8,7.6,7.4,7.2,7.2,7.1,7,6.8,7,6.9,7.1,7.1
No,Zambia,Zambia,0,10,90,0,0,100,0,0,0,0,0,0,0,2,17,1,C9,0.414922,Eastern Africa,Africa,ZA,7. Least developed region,ZMB,Zambia,Africa,ZM,Zambia,Sub-Saharan Africa,Sovereign country,-13.1255,25.4152,14.5,13.4,12.6,11.4,11.9,11.4,11,9.2,8.2,8.4,9.2,9.2,8.7,8.5,7.9,7.1,6.7,6.6,6,5.3,35.9,34.3,34.5,34.2,35.8,35.8,35.6,33.4,32.8,32.6,33.3,33.4,31.1,30,30.2,30,29.1,29.1,28.1,25.7,24,22.7,22.3,21.5,22.5,22.1,21.8,19.8,19,19,19.7,19.8,18.5,17.9,17.7,17.3,16.7,16.7,15.9,14.4
No,Zimbabwe,Zimbabwe,0,0,100,0,0,100,0,0,0,0,0,0,0,0,7,13,C10,0.374394,Eastern Africa,Africa,ZI,5. Emerging region: G20,ZWE,Zimbabwe,Africa,ZW,Zimbabwe,Sub-Saharan Africa,Sovereign country,-19.0093,29.3309,14.2,13,13.5,13.7,15.7,15.2,18.2,21.8,25.5,26.9,23.9,21.8,20.9,21.3,21.1,19.2,17.7,15,13.5,13.5,28.2,28.6,29.8,29.4,30.1,32.1,28.5,36.3,42,48.3,51.6,52.4,50.7,46.4,45.3,47.4,44.5,41.3,38.6,37.8,20,19.5,20.3,20.2,21.5,22,22,27.2,31.7,35.2,35,34.3,33.1,31.4,30.8,30.7,28.7,25.9,23.9,23.6
